reaction_id,cluster,metric,value
CHRL_h,1,minimum,0.009775561779918602
CHRL_h,1,maximum,0.20777556178117612
CHRL_h,1,mean_range,0.08066666666659746
CHRL_h,1,mean_midpoint,0.05047605236316732
CHRL_h,1,mean_relative_range,0.8449897170911838
CHRL_h,1,median_range,0.06600000000153868
CHRL_h,1,median_midpoint,0.04346398162434418
CHRL_h,1,box_range,0.06600000000153529
CHRL_h,1,frac_variable,1.0
CHRL_h,1,frac_zero_fixed,0.0
CHRL_h,1,frac_bidirectional,0.0
CHRL_h,1,mean_abs_flux,0.09080938569646603
CHRL_h,1,std_range,0.048643830258484906
CHRL_h,1,median_midpoint_over_range_norm,0.6502006734551697
CHRL_h,2,minimum,0.0001376839687312479
CHRL_h,2,maximum,1.7381376839695717
CHRL_h,2,mean_range,0.601415730337038
CHRL_h,2,mean_midpoint,0.3043325116711854
CHRL_h,2,mean_relative_range,0.9821447009941965
CHRL_h,2,median_range,0.5280000000003803
CHRL_h,2,median_midpoint,0.2693696747800008
CHRL_h,2,box_range,0.6379999999987629
CHRL_h,2,frac_variable,1.0
CHRL_h,2,frac_zero_fixed,0.0
CHRL_h,2,frac_bidirectional,0.0
CHRL_h,2,mean_abs_flux,0.6050403768397045
CHRL_h,2,std_range,0.4104171845458717
CHRL_h,2,median_midpoint_over_range_norm,0.5060936672618115
CHRL_h,3,minimum,0.009775561779918602
CHRL_h,3,maximum,0.011014717497670135
CHRL_h,3,mean_range,-4.994695629312318e-13
CHRL_h,3,mean_midpoint,0.010395139638959484
CHRL_h,3,mean_relative_range,-4.8284104701541103e-11
CHRL_h,3,median_range,-7.706266180740329e-13
CHRL_h,3,median_midpoint,0.010395139639355191
CHRL_h,3,box_range,9.484895507894109e-13
CHRL_h,3,frac_variable,0.0
CHRL_h,3,frac_zero_fixed,0.0
CHRL_h,3,frac_bidirectional,0.0
CHRL_h,3,mean_abs_flux,0.010395139639418289
CHRL_h,3,std_range,9.240104558803687e-13
CHRL_h,3,median_midpoint_over_range_norm,5196791.176377167
CHRL_h,4,minimum,0.0001376839687312479
CHRL_h,4,maximum,0.009637877814116012
CHRL_h,4,mean_range,-9.939969934949707e-14
CHRL_h,4,mean_midpoint,0.0048447546496810856
CHRL_h,4,mean_relative_range,-7.588368812791833e-11
CHRL_h,4,median_range,-5.814847301582882e-16
CHRL_h,4,median_midpoint,0.004818938905455691
CHRL_h,4,box_range,7.228439851889035e-13
CHRL_h,4,frac_variable,0.0
CHRL_h,4,frac_zero_fixed,0.0
CHRL_h,4,frac_bidirectional,0.0
CHRL_h,4,mean_abs_flux,0.004844754649989484
CHRL_h,4,std_range,9.2997348219532e-13
CHRL_h,4,median_midpoint_over_range_norm,2409801.9716068194
CHRL_h,5,minimum,0.0
CHRL_h,5,maximum,1.759999999999991
CHRL_h,5,mean_range,0.8910000000000213
CHRL_h,5,mean_midpoint,0.44550000000001067
CHRL_h,5,mean_relative_range,0.999999997178705
CHRL_h,5,median_range,0.8909999999999973
CHRL_h,5,median_midpoint,0.4454999999999987
CHRL_h,5,box_range,0.8690000000000209
CHRL_h,5,frac_variable,1.0
CHRL_h,5,frac_zero_fixed,0.0
CHRL_h,5,frac_bidirectional,0.0
CHRL_h,5,mean_abs_flux,0.8910000000000213
CHRL_h,5,std_range,0.5080285425052387
CHRL_h,5,median_midpoint_over_range_norm,0.49999999887749447
CHRL_h,6,minimum,0.0
CHRL_h,6,maximum,0.0
CHRL_h,6,mean_range,0.0
CHRL_h,6,mean_midpoint,0.0
CHRL_h,6,mean_relative_range,0.0
CHRL_h,6,median_range,0.0
CHRL_h,6,median_midpoint,0.0
CHRL_h,6,box_range,0.0
CHRL_h,6,frac_variable,0.0
CHRL_h,6,frac_zero_fixed,1.0
CHRL_h,6,frac_bidirectional,0.0
CHRL_h,6,mean_abs_flux,0.0
CHRL_h,6,std_range,0.0
CHRL_h,6,median_midpoint_over_range_norm,0.0
IGPS_c,1,minimum,0.009775561779918602
IGPS_c,1,maximum,0.20777556178011297
IGPS_c,1,mean_range,0.080666666667138
IGPS_c,1,mean_midpoint,0.05047605236343759
IGPS_c,1,mean_relative_range,0.8449897170926194
IGPS_c,1,median_range,0.06600000000092025
IGPS_c,1,median_midpoint,0.04346398162267574
IGPS_c,1,box_range,0.06600000000090173
IGPS_c,1,frac_variable,1.0
IGPS_c,1,frac_zero_fixed,0.0
IGPS_c,1,frac_bidirectional,0.0
IGPS_c,1,mean_abs_flux,0.0908093856970066
IGPS_c,1,std_range,0.048643830258642405
IGPS_c,1,median_midpoint_over_range_norm,0.6502006734588357
IGPS_c,2,minimum,0.0001376839687312479
IGPS_c,2,maximum,1.7381376839693192
IGPS_c,2,mean_range,0.6014157303371857
IGPS_c,2,mean_midpoint,0.30433251167125924
IGPS_c,2,mean_relative_range,0.9821447009942401
IGPS_c,2,median_range,0.5280000000001727
IGPS_c,2,median_midpoint,0.26936967478056045
IGPS_c,2,box_range,0.637999999997984
IGPS_c,2,frac_variable,1.0
IGPS_c,2,frac_zero_fixed,0.0
IGPS_c,2,frac_bidirectional,0.0
IGPS_c,2,mean_abs_flux,0.605040376839852
IGPS_c,2,std_range,0.41041718454583176
IGPS_c,2,median_midpoint_over_range_norm,0.506093667261786
IGPS_c,3,minimum,0.009775561779918602
IGPS_c,3,maximum,0.011014717498101926
IGPS_c,3,mean_range,2.633651977057561e-13
IGPS_c,3,mean_midpoint,0.0103951396393409
IGPS_c,3,mean_relative_range,2.3591756766559164e-11
IGPS_c,3,median_range,1.9172163856495672e-13
IGPS_c,3,median_midpoint,0.010395139640439694
IGPS_c,3,box_range,1.5955873775008733e-12
IGPS_c,3,frac_variable,0.0
IGPS_c,3,frac_zero_fixed,0.0
IGPS_c,3,frac_bidirectional,0.0
IGPS_c,3,mean_abs_flux,0.010395139639943157
IGPS_c,3,std_range,1.6715549342586791e-12
IGPS_c,3,median_midpoint_over_range_norm,5191192.286207342
IGPS_c,4,minimum,0.0001376839687312479
IGPS_c,4,maximum,0.009637877809889128
IGPS_c,4,mean_range,1.1744059427950906e-14
IGPS_c,4,mean_midpoint,0.004844754649736658
IGPS_c,4,mean_relative_range,-3.5626056682294864e-11
IGPS_c,4,median_range,-2.870273463351225e-14
IGPS_c,4,median_midpoint,0.004818938905710821
IGPS_c,4,box_range,9.900022425110566e-13
IGPS_c,4,frac_variable,0.0
IGPS_c,4,frac_zero_fixed,0.0
IGPS_c,4,frac_bidirectional,0.0
IGPS_c,4,mean_abs_flux,0.004844754650057032
IGPS_c,4,std_range,8.782743216458545e-13
IGPS_c,4,median_midpoint_over_range_norm,2409187.2338193837
IGPS_c,5,minimum,0.0
IGPS_c,5,maximum,1.7599999999999896
IGPS_c,5,mean_range,0.8910000000000101
IGPS_c,5,mean_midpoint,0.44550000000000506
IGPS_c,5,mean_relative_range,0.999999997178705
IGPS_c,5,median_range,0.8910000000000171
IGPS_c,5,median_midpoint,0.44550000000000856
IGPS_c,5,box_range,0.8690000000000353
IGPS_c,5,frac_variable,1.0
IGPS_c,5,frac_zero_fixed,0.0
IGPS_c,5,frac_bidirectional,0.0
IGPS_c,5,mean_abs_flux,0.8910000000000101
IGPS_c,5,std_range,0.5080285425051966
IGPS_c,5,median_midpoint_over_range_norm,0.49999999887749447
IGPS_c,6,minimum,0.0
IGPS_c,6,maximum,0.0
IGPS_c,6,mean_range,0.0
IGPS_c,6,mean_midpoint,0.0
IGPS_c,6,mean_relative_range,0.0
IGPS_c,6,median_range,0.0
IGPS_c,6,median_midpoint,0.0
IGPS_c,6,box_range,0.0
IGPS_c,6,frac_variable,0.0
IGPS_c,6,frac_zero_fixed,1.0
IGPS_c,6,frac_bidirectional,0.0
IGPS_c,6,mean_abs_flux,0.0
IGPS_c,6,std_range,0.0
IGPS_c,6,median_midpoint_over_range_norm,0.0
PRAI_c,1,minimum,0.009775561779918602
PRAI_c,1,maximum,0.20777556177997666
PRAI_c,1,mean_range,0.08066666666682515
PRAI_c,1,mean_midpoint,0.050476052363281156
PRAI_c,1,mean_relative_range,0.8449897170918811
PRAI_c,1,median_range,0.0660000000004171
PRAI_c,1,median_midpoint,0.04346398162383977
PRAI_c,1,box_range,0.06600000000079739
PRAI_c,1,frac_variable,1.0
PRAI_c,1,frac_zero_fixed,0.0
PRAI_c,1,frac_bidirectional,0.0
PRAI_c,1,mean_abs_flux,0.09080938569669375
PRAI_c,1,std_range,0.04864383025846991
PRAI_c,1,median_midpoint_over_range_norm,0.6502006734573614
PRAI_c,2,minimum,0.0001376839687312479
PRAI_c,2,maximum,1.7381376839682523
PRAI_c,2,mean_range,0.6014157303371276
PRAI_c,2,mean_midpoint,0.30433251167123027
PRAI_c,2,mean_relative_range,0.9821447009942406
PRAI_c,2,median_range,0.5280000000002135
PRAI_c,2,median_midpoint,0.2693696747804896
PRAI_c,2,box_range,0.6379999999996344
PRAI_c,2,frac_variable,1.0
PRAI_c,2,frac_zero_fixed,0.0
PRAI_c,2,frac_bidirectional,0.0
PRAI_c,2,mean_abs_flux,0.6050403768397942
PRAI_c,2,std_range,0.41041718454575277
PRAI_c,2,median_midpoint_over_range_norm,0.5060936672618006
PRAI_c,3,minimum,0.009775561779918602
PRAI_c,3,maximum,0.011014717498836729
PRAI_c,3,mean_range,6.277074346416889e-13
PRAI_c,3,mean_midpoint,0.010395139639523071
PRAI_c,3,mean_relative_range,5.994661456459251e-11
PRAI_c,3,median_range,5.912822315101707e-13
PRAI_c,3,median_midpoint,0.010395139639488874
PRAI_c,3,box_range,7.434491390567732e-13
PRAI_c,3,frac_variable,0.0
PRAI_c,3,frac_zero_fixed,0.0
PRAI_c,3,frac_bidirectional,0.0
PRAI_c,3,mean_abs_flux,0.010395139639836926
PRAI_c,3,std_range,4.1930023083079217e-13
PRAI_c,3,median_midpoint_over_range_norm,5196108.718342583
PRAI_c,4,minimum,0.0001376839687312479
PRAI_c,4,maximum,0.009637877810836517
PRAI_c,4,mean_range,1.9379956845395075e-13
PRAI_c,4,mean_midpoint,0.004844754649827685
PRAI_c,4,mean_relative_range,1.3471304861681203e-10
PRAI_c,4,median_range,1.2014608058441567e-13
PRAI_c,4,median_midpoint,0.004818938905585904
PRAI_c,4,box_range,5.817726942553003e-13
PRAI_c,4,frac_variable,0.0
PRAI_c,4,frac_zero_fixed,0.0
PRAI_c,4,frac_bidirectional,0.0
PRAI_c,4,mean_abs_flux,0.004844754650031175
PRAI_c,4,std_range,5.126752503526726e-13
PRAI_c,4,median_midpoint_over_range_norm,2409488.182457552
PRAI_c,5,minimum,0.0
PRAI_c,5,maximum,1.7600000000000209
PRAI_c,5,mean_range,0.8910000000000486
PRAI_c,5,mean_midpoint,0.4455000000000243
PRAI_c,5,mean_relative_range,0.999999997178705
PRAI_c,5,median_range,0.8910000000008078
PRAI_c,5,median_midpoint,0.4455000000004039
PRAI_c,5,box_range,0.8690000000000896
PRAI_c,5,frac_variable,1.0
PRAI_c,5,frac_zero_fixed,0.0
PRAI_c,5,frac_bidirectional,0.0
PRAI_c,5,mean_abs_flux,0.8910000000000486
PRAI_c,5,std_range,0.5080285425052768
PRAI_c,5,median_midpoint_over_range_norm,0.49999999887749447
PRAI_c,6,minimum,0.0
PRAI_c,6,maximum,0.0
PRAI_c,6,mean_range,0.0
PRAI_c,6,mean_midpoint,0.0
PRAI_c,6,mean_relative_range,0.0
PRAI_c,6,median_range,0.0
PRAI_c,6,median_midpoint,0.0
PRAI_c,6,box_range,0.0
PRAI_c,6,frac_variable,0.0
PRAI_c,6,frac_zero_fixed,1.0
PRAI_c,6,frac_bidirectional,0.0
PRAI_c,6,mean_abs_flux,0.0
PRAI_c,6,std_range,0.0
PRAI_c,6,median_midpoint_over_range_norm,0.0
PRAIS_c,1,minimum,0.021023207331211324
PRAIS_c,1,maximum,0.0430232073312301
PRAIS_c,1,mean_range,0.00896296296299472
PRAIS_c,1,mean_midpoint,0.026294292843919705
PRAIS_c,1,mean_relative_range,0.2711005621706421
PRAIS_c,1,median_range,0.007333333333390493
PRAIS_c,1,median_midpoint,0.02591209622012721
PRAIS_c,1,box_range,0.007333333333414474
PRAIS_c,1,frac_variable,1.0
PRAIS_c,1,frac_zero_fixed,0.0
PRAIS_c,1,frac_bidirectional,0.0
PRAIS_c,1,mean_abs_flux,0.030775774325417057
PRAIS_c,1,std_range,0.005404870028755032
PRAIS_c,1,median_midpoint_over_range_norm,3.407177549326969
PRAIS_c,2,minimum,0.0002961015086466142
PRAIS_c,2,maximum,0.19340721262282687
PRAIS_c,2,mean_range,0.06682397003746035
PRAIS_c,2,mean_midpoint,0.04120710683817342
PRAIS_c,2,mean_relative_range,0.8215326043070328
PRAIS_c,2,median_range,0.058666666666689855
PRAIS_c,2,median_midpoint,0.03854386848026585
PRAIS_c,2,box_range,0.07088888888883513
PRAIS_c,2,frac_variable,1.0
PRAIS_c,2,frac_zero_fixed,0.0
PRAIS_c,2,frac_bidirectional,0.0
PRAIS_c,2,mean_abs_flux,0.0746190918569036
PRAIS_c,2,std_range,0.04560190939397953
PRAIS_c,2,median_midpoint_over_range_norm,0.6179447276025845
PRAIS_c,3,minimum,0.021023207331173018
PRAIS_c,3,maximum,0.02368812093660235
PRAIS_c,3,mean_range,2.4235474738176775e-14
PRAIS_c,3,mean_midpoint,0.02235566413389726
PRAIS_c,3,mean_relative_range,1.1271496627577319e-12
PRAIS_c,3,median_range,5.134781488891349e-15
PRAIS_c,3,median_midpoint,0.02235566413391197
PRAIS_c,3,box_range,1.038535576980415e-13
PRAIS_c,3,frac_variable,0.0
PRAIS_c,3,frac_zero_fixed,0.0
PRAIS_c,3,frac_bidirectional,0.0
PRAIS_c,3,mean_abs_flux,0.02235566413392263
PRAIS_c,3,std_range,5.864794367553043e-14
PRAIS_c,3,median_midpoint_over_range_norm,11177670.807922509
PRAIS_c,4,minimum,0.00029610151165115894
PRAIS_c,4,maximum,0.020727105819541337
PRAIS_c,4,mean_range,-1.5331194701349166e-14
PRAIS_c,4,mean_midpoint,0.010419071943224648
PRAIS_c,4,mean_relative_range,-2.6628133464580465e-12
PRAIS_c,4,median_range,5.551115123125783e-15
PRAIS_c,4,median_midpoint,0.010363552909753437
PRAIS_c,4,box_range,1.1906101105019218e-13
PRAIS_c,4,frac_variable,0.0
PRAIS_c,4,frac_zero_fixed,0.0
PRAIS_c,4,frac_bidirectional,0.0
PRAIS_c,4,mean_abs_flux,0.010419071943276749
PRAIS_c,4,std_range,2.4098765706843743e-13
PRAIS_c,4,median_midpoint_over_range_norm,5181914.5288164355
PRAIS_c,5,minimum,0.0
PRAIS_c,5,maximum,0.19555555555553575
PRAIS_c,5,mean_range,0.09900000000000073
PRAIS_c,5,mean_midpoint,0.04950000000000036
PRAIS_c,5,mean_relative_range,0.9999999746083479
PRAIS_c,5,median_range,0.09900000000008483
PRAIS_c,5,median_midpoint,0.04950000000004241
PRAIS_c,5,box_range,0.09655555555555119
PRAIS_c,5,frac_variable,1.0
PRAIS_c,5,frac_zero_fixed,0.0
PRAIS_c,5,frac_bidirectional,0.0
PRAIS_c,5,mean_abs_flux,0.09900000000000073
PRAIS_c,5,std_range,0.05644761583391602
PRAIS_c,5,median_midpoint_over_range_norm,0.4999999898974503
PRAIS_c,6,minimum,0.0
PRAIS_c,6,maximum,0.0
PRAIS_c,6,mean_range,0.0
PRAIS_c,6,mean_midpoint,0.0
PRAIS_c,6,mean_relative_range,0.0
PRAIS_c,6,median_range,0.0
PRAIS_c,6,median_midpoint,0.0
PRAIS_c,6,box_range,0.0
PRAIS_c,6,frac_variable,0.0
PRAIS_c,6,frac_zero_fixed,1.0
PRAIS_c,6,frac_bidirectional,0.0
PRAIS_c,6,mean_abs_flux,0.0
PRAIS_c,6,std_range,0.0
PRAIS_c,6,median_midpoint_over_range_norm,0.0
ANPRT_c,1,minimum,0.009775561779918602
ANPRT_c,1,maximum,0.20777556178171608
ANPRT_c,1,mean_range,0.08066666666669371
ANPRT_c,1,mean_midpoint,0.05047605236321547
ANPRT_c,1,mean_relative_range,0.8449897170907216
ANPRT_c,1,median_range,0.06600000000036386
ANPRT_c,1,median_midpoint,0.043463981623501555
ANPRT_c,1,box_range,0.06600000000101398
ANPRT_c,1,frac_variable,1.0
ANPRT_c,1,frac_zero_fixed,0.0
ANPRT_c,1,frac_bidirectional,0.0
ANPRT_c,1,mean_abs_flux,0.09080938569656231
ANPRT_c,1,std_range,0.04864383025892256
ANPRT_c,1,median_midpoint_over_range_norm,0.6502006734610163
ANPRT_c,2,minimum,0.0001376839687312479
ANPRT_c,2,maximum,1.7381376839689437
ANPRT_c,2,mean_range,0.6014157303369708
ANPRT_c,2,mean_midpoint,0.30433251167115183
ANPRT_c,2,mean_relative_range,0.9821447009941668
ANPRT_c,2,median_range,0.5280000000006148
ANPRT_c,2,median_midpoint,0.26936967478084434
ANPRT_c,2,box_range,0.6379999999969649
ANPRT_c,2,frac_variable,1.0
ANPRT_c,2,frac_zero_fixed,0.0
ANPRT_c,2,frac_bidirectional,0.0
ANPRT_c,2,mean_abs_flux,0.6050403768396373
ANPRT_c,2,std_range,0.41041718454585574
ANPRT_c,2,median_midpoint_over_range_norm,0.5060936672617972
ANPRT_c,3,minimum,0.009775561779918602
ANPRT_c,3,maximum,0.01101471749822358
ANPRT_c,3,mean_range,-1.9821748409309948e-13
ANPRT_c,3,mean_midpoint,0.01039513963911011
ANPRT_c,3,mean_relative_range,-1.68845023930012e-11
ANPRT_c,3,median_range,-4.29475899288434e-13
ANPRT_c,3,median_midpoint,0.010395139638794643
ANPRT_c,3,box_range,1.129117632725496e-12
ANPRT_c,3,frac_variable,0.0
ANPRT_c,3,frac_zero_fixed,0.0
ANPRT_c,3,frac_bidirectional,0.0
ANPRT_c,3,mean_abs_flux,0.01039513963950068
ANPRT_c,3,std_range,8.57910664058262e-13
ANPRT_c,3,median_midpoint_over_range_norm,5199718.231986145
ANPRT_c,4,minimum,0.0001376839687312479
ANPRT_c,4,maximum,0.009637877811411778
ANPRT_c,4,mean_range,-7.704734911972027e-14
ANPRT_c,4,mean_midpoint,0.004844754649692264
ANPRT_c,4,mean_relative_range,7.182096907849865e-11
ANPRT_c,4,median_range,5.791721269243766e-14
ANPRT_c,4,median_midpoint,0.004818938905653977
ANPRT_c,4,box_range,1.719094823633173e-12
ANPRT_c,4,frac_variable,0.0
ANPRT_c,4,frac_zero_fixed,0.0
ANPRT_c,4,frac_bidirectional,0.0
ANPRT_c,4,mean_abs_flux,0.004844754650181861
ANPRT_c,4,std_range,1.2137261368729419e-12
ANPRT_c,4,median_midpoint_over_range_norm,2409324.1719727167
ANPRT_c,5,minimum,0.0
ANPRT_c,5,maximum,1.759999999999991
ANPRT_c,5,mean_range,0.8910000000000053
ANPRT_c,5,mean_midpoint,0.44550000000000267
ANPRT_c,5,mean_relative_range,0.999999997178705
ANPRT_c,5,median_range,0.8910000000000622
ANPRT_c,5,median_midpoint,0.4455000000000311
ANPRT_c,5,box_range,0.8690000000000382
ANPRT_c,5,frac_variable,1.0
ANPRT_c,5,frac_zero_fixed,0.0
ANPRT_c,5,frac_bidirectional,0.0
ANPRT_c,5,mean_abs_flux,0.8910000000000053
ANPRT_c,5,std_range,0.5080285425052339
ANPRT_c,5,median_midpoint_over_range_norm,0.49999999887749447
ANPRT_c,6,minimum,0.0
ANPRT_c,6,maximum,0.0
ANPRT_c,6,mean_range,0.0
ANPRT_c,6,mean_midpoint,0.0
ANPRT_c,6,mean_relative_range,0.0
ANPRT_c,6,median_range,0.0
ANPRT_c,6,median_midpoint,0.0
ANPRT_c,6,box_range,0.0
ANPRT_c,6,frac_variable,0.0
ANPRT_c,6,frac_zero_fixed,1.0
ANPRT_c,6,frac_bidirectional,0.0
ANPRT_c,6,mean_abs_flux,0.0
ANPRT_c,6,std_range,0.0
ANPRT_c,6,median_midpoint_over_range_norm,0.0
PRFGS_c,1,minimum,0.02102320733115448
PRFGS_c,1,maximum,0.06908847267637164
PRFGS_c,1,mean_range,0.020134783674356466
PRFGS_c,1,mean_midpoint,0.03188020319962802
PRFGS_c,1,mean_relative_range,0.43722758181866134
PRFGS_c,1,median_range,0.016500000000075232
PRFGS_c,1,median_midpoint,0.03075371488971491
PRFGS_c,1,box_range,0.016500000000088444
PRFGS_c,1,frac_variable,1.0
PRFGS_c,1,frac_zero_fixed,0.0
PRFGS_c,1,frac_bidirectional,0.0
PRFGS_c,1,mean_abs_flux,0.04194759503680626
PRFGS_c,1,std_range,0.012085658737311086
PRFGS_c,1,median_midpoint_over_range_norm,1.7920791065851351
PRFGS_c,2,minimum,0.0002961015115943159
PRFGS_c,2,maximum,0.23394125652698064
PRFGS_c,2,mean_range,0.09832594059313748
PRFGS_c,2,mean_midpoint,0.05695809211601047
PRFGS_c,2,mean_relative_range,0.8830995936987156
PRFGS_c,2,median_range,0.09406920725110314
PRFGS_c,2,median_midpoint,0.05561770382984673
PRFGS_c,2,box_range,0.07521015242786666
PRFGS_c,2,frac_variable,1.0
PRFGS_c,2,frac_zero_fixed,0.0
PRFGS_c,2,frac_bidirectional,0.0
PRFGS_c,2,mean_abs_flux,0.10612106241257921
PRFGS_c,2,std_range,0.05256926851847161
PRFGS_c,2,median_midpoint_over_range_norm,0.5741600905024363
PRFGS_c,3,minimum,0.0210232073311545
PRFGS_c,3,maximum,0.02368812093660813
PRFGS_c,3,mean_range,1.9588497490730106e-15
PRFGS_c,3,mean_midpoint,0.02235566413393019
PRFGS_c,3,mean_relative_range,1.0799069168759658e-13
PRFGS_c,3,median_range,-1.5884862869519623e-14
PRFGS_c,3,median_midpoint,0.022355664133918724
PRFGS_c,3,box_range,6.473033914433657e-14
PRFGS_c,3,frac_variable,0.0
PRFGS_c,3,frac_zero_fixed,0.0
PRFGS_c,3,frac_bidirectional,0.0
PRFGS_c,3,mean_abs_flux,0.02235566413395797
PRFGS_c,3,std_range,7.336304319866513e-14
PRFGS_c,3,median_midpoint_over_range_norm,11177707.742955232
PRFGS_c,4,minimum,0.0002961015115943155
PRFGS_c,4,maximum,0.020727105819549764
PRFGS_c,4,mean_range,9.222703230122609e-16
PRFGS_c,4,mean_midpoint,0.010419071943213095
PRFGS_c,4,mean_relative_range,-1.4362361822643605e-12
PRFGS_c,4,median_range,-4.003741782554471e-15
PRFGS_c,4,median_midpoint,0.010363552909773498
PRFGS_c,4,box_range,9.250022622864229e-14
PRFGS_c,4,frac_variable,0.0
PRFGS_c,4,frac_zero_fixed,0.0
PRFGS_c,4,frac_bidirectional,0.0
PRFGS_c,4,mean_abs_flux,0.010419071943248289
PRFGS_c,4,std_range,1.0873687880497543e-13
PRFGS_c,4,median_midpoint_over_range_norm,5181810.581657383
PRFGS_c,5,minimum,0.0
PRFGS_c,5,maximum,0.2362962962962948
PRFGS_c,5,mean_range,0.13659606481481762
PRFGS_c,5,mean_midpoint,0.06829803240740881
PRFGS_c,5,mean_relative_range,0.9999999867912652
PRFGS_c,5,median_range,0.13974074074074505
PRFGS_c,5,median_midpoint,0.06987037037037253
PRFGS_c,5,box_range,0.0965555555555976
PRFGS_c,5,frac_variable,1.0
PRFGS_c,5,frac_zero_fixed,0.0
PRFGS_c,5,frac_bidirectional,0.0
PRFGS_c,5,mean_abs_flux,0.13659606481481762
PRFGS_c,5,std_range,0.061705369354002094
PRFGS_c,5,median_midpoint_over_range_norm,0.4999999928433434
PRFGS_c,6,minimum,0.0
PRFGS_c,6,maximum,0.0
PRFGS_c,6,mean_range,0.0
PRFGS_c,6,mean_midpoint,0.0
PRFGS_c,6,mean_relative_range,0.0
PRFGS_c,6,median_range,0.0
PRFGS_c,6,median_midpoint,0.0
PRFGS_c,6,box_range,0.0
PRFGS_c,6,frac_variable,0.0
PRFGS_c,6,frac_zero_fixed,1.0
PRFGS_c,6,frac_bidirectional,0.0
PRFGS_c,6,mean_abs_flux,0.0
PRFGS_c,6,std_range,0.0
PRFGS_c,6,median_midpoint_over_range_norm,0.0
PRFGCL_c,1,minimum,0.02102320733115448
PRFGCL_c,1,maximum,0.06908847267637164
PRFGCL_c,1,mean_range,0.020134783674356466
PRFGCL_c,1,mean_midpoint,0.03188020319962802
PRFGCL_c,1,mean_relative_range,0.43722758181866134
PRFGCL_c,1,median_range,0.016500000000075232
PRFGCL_c,1,median_midpoint,0.03075371488971491
PRFGCL_c,1,box_range,0.016500000000088444
PRFGCL_c,1,frac_variable,1.0
PRFGCL_c,1,frac_zero_fixed,0.0
PRFGCL_c,1,frac_bidirectional,0.0
PRFGCL_c,1,mean_abs_flux,0.04194759503680626
PRFGCL_c,1,std_range,0.012085658737311086
PRFGCL_c,1,median_midpoint_over_range_norm,1.7920791065851351
PRFGCL_c,2,minimum,0.0002961015115943159
PRFGCL_c,2,maximum,0.23394125652698064
PRFGCL_c,2,mean_range,0.09832594059313748
PRFGCL_c,2,mean_midpoint,0.05695809211601047
PRFGCL_c,2,mean_relative_range,0.8830995936987156
PRFGCL_c,2,median_range,0.09406920725110314
PRFGCL_c,2,median_midpoint,0.05561770382984673
PRFGCL_c,2,box_range,0.07521015242786666
PRFGCL_c,2,frac_variable,1.0
PRFGCL_c,2,frac_zero_fixed,0.0
PRFGCL_c,2,frac_bidirectional,0.0
PRFGCL_c,2,mean_abs_flux,0.10612106241257921
PRFGCL_c,2,std_range,0.05256926851847161
PRFGCL_c,2,median_midpoint_over_range_norm,0.5741600905024363
PRFGCL_c,3,minimum,0.0210232073311545
PRFGCL_c,3,maximum,0.02368812093660813
PRFGCL_c,3,mean_range,1.9588497490730106e-15
PRFGCL_c,3,mean_midpoint,0.02235566413393019
PRFGCL_c,3,mean_relative_range,1.0799069168759658e-13
PRFGCL_c,3,median_range,-1.5884862869519623e-14
PRFGCL_c,3,median_midpoint,0.022355664133918724
PRFGCL_c,3,box_range,6.473033914433657e-14
PRFGCL_c,3,frac_variable,0.0
PRFGCL_c,3,frac_zero_fixed,0.0
PRFGCL_c,3,frac_bidirectional,0.0
PRFGCL_c,3,mean_abs_flux,0.02235566413395797
PRFGCL_c,3,std_range,7.336304319866513e-14
PRFGCL_c,3,median_midpoint_over_range_norm,11177707.742955232
PRFGCL_c,4,minimum,0.0002961015115943155
PRFGCL_c,4,maximum,0.020727105819549764
PRFGCL_c,4,mean_range,9.222703230122609e-16
PRFGCL_c,4,mean_midpoint,0.010419071943213095
PRFGCL_c,4,mean_relative_range,-1.4362361822643605e-12
PRFGCL_c,4,median_range,-4.003741782554471e-15
PRFGCL_c,4,median_midpoint,0.010363552909773498
PRFGCL_c,4,box_range,9.250022622864229e-14
PRFGCL_c,4,frac_variable,0.0
PRFGCL_c,4,frac_zero_fixed,0.0
PRFGCL_c,4,frac_bidirectional,0.0
PRFGCL_c,4,mean_abs_flux,0.010419071943248289
PRFGCL_c,4,std_range,1.0873687880497543e-13
PRFGCL_c,4,median_midpoint_over_range_norm,5181810.581657383
PRFGCL_c,5,minimum,0.0
PRFGCL_c,5,maximum,0.2362962962962948
PRFGCL_c,5,mean_range,0.13659606481481762
PRFGCL_c,5,mean_midpoint,0.06829803240740881
PRFGCL_c,5,mean_relative_range,0.9999999867912652
PRFGCL_c,5,median_range,0.13974074074074505
PRFGCL_c,5,median_midpoint,0.06987037037037253
PRFGCL_c,5,box_range,0.0965555555555976
PRFGCL_c,5,frac_variable,1.0
PRFGCL_c,5,frac_zero_fixed,0.0
PRFGCL_c,5,frac_bidirectional,0.0
PRFGCL_c,5,mean_abs_flux,0.13659606481481762
PRFGCL_c,5,std_range,0.061705369354002094
PRFGCL_c,5,median_midpoint_over_range_norm,0.4999999928433434
PRFGCL_c,6,minimum,0.0
PRFGCL_c,6,maximum,0.0
PRFGCL_c,6,mean_range,0.0
PRFGCL_c,6,mean_midpoint,0.0
PRFGCL_c,6,mean_relative_range,0.0
PRFGCL_c,6,median_range,0.0
PRFGCL_c,6,median_midpoint,0.0
PRFGCL_c,6,box_range,0.0
PRFGCL_c,6,frac_variable,0.0
PRFGCL_c,6,frac_zero_fixed,1.0
PRFGCL_c,6,frac_bidirectional,0.0
PRFGCL_c,6,mean_abs_flux,0.0
PRFGCL_c,6,std_range,0.0
PRFGCL_c,6,median_midpoint_over_range_norm,0.0
PPRGL_c,1,minimum,0.0210232073311567
PPRGL_c,1,maximum,0.06908847267635335
PPRGL_c,1,mean_range,0.020134783674338224
PPRGL_c,1,mean_midpoint,0.03188020319963589
PPRGL_c,1,mean_relative_range,0.437227581818555
PPRGL_c,1,median_range,0.016500000000047796
PPRGL_c,1,median_midpoint,0.030753714889767463
PPRGL_c,1,box_range,0.016500000000033217
PPRGL_c,1,frac_variable,1.0
PPRGL_c,1,frac_zero_fixed,0.0
PPRGL_c,1,frac_bidirectional,0.0
PPRGL_c,1,mean_abs_flux,0.041947595036805
PPRGL_c,1,std_range,0.012085658737263512
PPRGL_c,1,median_midpoint_over_range_norm,1.7920791065973087
PPRGL_c,2,minimum,0.00029610151159076715
PPRGL_c,2,maximum,0.23394125652695869
PPRGL_c,2,mean_range,0.09832594059313056
PPRGL_c,2,mean_midpoint,0.05695809211600644
PPRGL_c,2,mean_relative_range,0.8830995936986925
PPRGL_c,2,median_range,0.094069207251204
PPRGL_c,2,median_midpoint,0.05561770382986682
PPRGL_c,2,box_range,0.07521015242779314
PPRGL_c,2,frac_variable,1.0
PPRGL_c,2,frac_zero_fixed,0.0
PPRGL_c,2,frac_bidirectional,0.0
PPRGL_c,2,mean_abs_flux,0.10612106241257172
PPRGL_c,2,std_range,0.05256926851847598
PPRGL_c,2,median_midpoint_over_range_norm,0.5741600905020735
PPRGL_c,3,minimum,0.021023207331239746
PPRGL_c,3,maximum,0.02368812093660616
PPRGL_c,3,mean_range,-1.4696230343780313e-14
PPRGL_c,3,mean_midpoint,0.02235566413390142
PPRGL_c,3,mean_relative_range,-6.003204763483503e-13
PPRGL_c,3,median_range,-2.9851121574608896e-14
PPRGL_c,3,median_midpoint,0.02235566413392086
PPRGL_c,3,box_range,6.780426914376747e-14
PPRGL_c,3,frac_variable,0.0
PPRGL_c,3,frac_zero_fixed,0.0
PPRGL_c,3,frac_bidirectional,0.0
PPRGL_c,3,mean_abs_flux,0.02235566413393823
PPRGL_c,3,std_range,1.0529640919646274e-13
PPRGL_c,3,median_midpoint_over_range_norm,11177999.265981056
PPRGL_c,4,minimum,0.00029610151170800236
PPRGL_c,4,maximum,0.020727105819514875
PPRGL_c,4,mean_range,7.0206195520411565e-15
PPRGL_c,4,mean_midpoint,0.010419071943211369
PPRGL_c,4,mean_relative_range,-5.7796779249608364e-12
PPRGL_c,4,median_range,-1.7919693506840417e-15
PPRGL_c,4,median_midpoint,0.010363552909716358
PPRGL_c,4,box_range,1.0045263232338897e-13
PPRGL_c,4,frac_variable,0.0
PPRGL_c,4,frac_zero_fixed,0.0
PPRGL_c,4,frac_bidirectional,0.0
PPRGL_c,4,mean_abs_flux,0.010419071943245546
PPRGL_c,4,std_range,9.155919827671063e-14
PPRGL_c,4,median_midpoint_over_range_norm,5181710.863325679
PPRGL_c,5,minimum,0.0
PPRGL_c,5,maximum,0.23629629629633656
PPRGL_c,5,mean_range,0.13659606481480718
PPRGL_c,5,mean_midpoint,0.06829803240740359
PPRGL_c,5,mean_relative_range,0.9999999867912652
PPRGL_c,5,median_range,0.13974074074076104
PPRGL_c,5,median_midpoint,0.06987037037038052
PPRGL_c,5,box_range,0.09655555555557684
PPRGL_c,5,frac_variable,1.0
PPRGL_c,5,frac_zero_fixed,0.0
PPRGL_c,5,frac_bidirectional,0.0
PPRGL_c,5,mean_abs_flux,0.13659606481480718
PPRGL_c,5,std_range,0.06170536935400059
PPRGL_c,5,median_midpoint_over_range_norm,0.4999999928433434
PPRGL_c,6,minimum,0.0
PPRGL_c,6,maximum,0.0
PPRGL_c,6,mean_range,0.0
PPRGL_c,6,mean_midpoint,0.0
PPRGL_c,6,mean_relative_range,0.0
PPRGL_c,6,median_range,0.0
PPRGL_c,6,median_midpoint,0.0
PPRGL_c,6,box_range,0.0
PPRGL_c,6,frac_variable,0.0
PPRGL_c,6,frac_zero_fixed,1.0
PPRGL_c,6,frac_bidirectional,0.0
PPRGL_c,6,mean_abs_flux,0.0
PPRGL_c,6,std_range,0.0
PPRGL_c,6,median_midpoint_over_range_norm,0.0
PRAIC_c,1,minimum,-0.043023207331271886
PRAIC_c,1,maximum,-0.02102320733114027
PRAIC_c,1,mean_range,0.008962962962969244
PRAIC_c,1,mean_midpoint,-0.02629429284393698
PRAIC_c,1,mean_relative_range,0.27110056216984246
PRAIC_c,1,median_range,0.0073333333333583835
PRAIC_c,1,median_midpoint,-0.02591209622009223
PRAIC_c,1,box_range,0.0073333333334381495
PRAIC_c,1,frac_variable,1.0
PRAIC_c,1,frac_zero_fixed,0.0
PRAIC_c,1,frac_bidirectional,0.0
PRAIC_c,1,mean_abs_flux,0.0307757743254216
PRAIC_c,1,std_range,0.005404870028742739
PRAIC_c,1,median_midpoint_over_range_norm,3.4071775493509215
PRAIC_c,2,minimum,-0.19340721262282334
PRAIC_c,2,maximum,-0.0002961015115943155
PRAIC_c,2,mean_range,0.06682397003745146
PRAIC_c,2,mean_midpoint,-0.04120710683817587
PRAIC_c,2,mean_relative_range,0.8215326043069429
PRAIC_c,2,median_range,0.05866666666668863
PRAIC_c,2,median_midpoint,-0.038543868480305984
PRAIC_c,2,box_range,0.07088888888884318
PRAIC_c,2,frac_variable,1.0
PRAIC_c,2,frac_zero_fixed,0.0
PRAIC_c,2,frac_bidirectional,0.0
PRAIC_c,2,mean_abs_flux,0.07461909185690159
PRAIC_c,2,std_range,0.045601909393981024
PRAIC_c,2,median_midpoint_over_range_norm,0.6179447276027819
PRAIC_c,3,minimum,-0.023688120936620836
PRAIC_c,3,maximum,-0.021023207331182903
PRAIC_c,3,mean_range,2.6356694604601217e-14
PRAIC_c,3,mean_midpoint,-0.022355664133919602
PRAIC_c,3,mean_relative_range,1.192193143037565e-12
PRAIC_c,3,median_range,3.5579178492284314e-14
PRAIC_c,3,median_midpoint,-0.022355664133893838
PRAIC_c,3,box_range,2.846854696425538e-14
PRAIC_c,3,frac_variable,0.0
PRAIC_c,3,frac_zero_fixed,0.0
PRAIC_c,3,frac_bidirectional,0.0
PRAIC_c,3,mean_abs_flux,0.022355664133947996
PRAIC_c,3,std_range,6.042584681497539e-14
PRAIC_c,3,median_midpoint_over_range_norm,11177581.346534401
PRAIC_c,4,minimum,-0.02072710581951718
PRAIC_c,4,maximum,-0.00029610151165115894
PRAIC_c,4,mean_range,3.84313208635551e-15
PRAIC_c,4,mean_midpoint,-0.010419071943223831
PRAIC_c,4,mean_relative_range,4.476917605766055e-12
PRAIC_c,4,median_range,-9.384854005034526e-16
PRAIC_c,4,median_midpoint,-0.010363552909773026
PRAIC_c,4,box_range,8.496588849160602e-14
PRAIC_c,4,frac_variable,0.0
PRAIC_c,4,frac_zero_fixed,0.0
PRAIC_c,4,frac_bidirectional,0.0
PRAIC_c,4,mean_abs_flux,0.010419071943248964
PRAIC_c,4,std_range,6.547920267664998e-14
PRAIC_c,4,median_midpoint_over_range_norm,5181889.799026968
PRAIC_c,5,minimum,-0.19555555555552298
PRAIC_c,5,maximum,8.597567102697212e-13
PRAIC_c,5,mean_range,0.09900000000002536
PRAIC_c,5,mean_midpoint,-0.04950000000000193
PRAIC_c,5,mean_relative_range,0.9999999746087876
PRAIC_c,5,median_range,0.09900000000011919
PRAIC_c,5,median_midpoint,-0.049500000000059594
PRAIC_c,5,box_range,0.09655555555555154
PRAIC_c,5,frac_variable,1.0
PRAIC_c,5,frac_zero_fixed,0.0
PRAIC_c,5,frac_bidirectional,0.0
PRAIC_c,5,mean_abs_flux,0.0990000000000146
PRAIC_c,5,std_range,0.056447615833893655
PRAIC_c,5,median_midpoint_over_range_norm,0.4999999898974503
PRAIC_c,6,minimum,0.0
PRAIC_c,6,maximum,0.0
PRAIC_c,6,mean_range,0.0
PRAIC_c,6,mean_midpoint,0.0
PRAIC_c,6,mean_relative_range,0.0
PRAIC_c,6,median_range,0.0
PRAIC_c,6,median_midpoint,0.0
PRAIC_c,6,box_range,0.0
PRAIC_c,6,frac_variable,0.0
PRAIC_c,6,frac_zero_fixed,1.0
PRAIC_c,6,frac_bidirectional,0.0
PRAIC_c,6,mean_abs_flux,0.0
PRAIC_c,6,std_range,0.0
PRAIC_c,6,median_midpoint_over_range_norm,0.0
AMETt_h,1,minimum,0.005703546683760814
AMETt_h,1,maximum,0.05262102430492777
AMETt_h,1,mean_range,0.02010927728050469
AMETt_h,1,mean_midpoint,0.015972403039835163
AMETt_h,1,mean_relative_range,0.7143352553809372
AMETt_h,1,median_range,0.01650000000009498
AMETt_h,1,median_midpoint,0.014355204900926788
AMETt_h,1,box_range,0.016500000000233758
AMETt_h,1,frac_variable,1.0
AMETt_h,1,frac_zero_fixed,0.0
AMETt_h,1,frac_bidirectional,0.0
AMETt_h,1,mean_abs_flux,0.026027041680087508
AMETt_h,1,std_range,0.012027757926215663
AMETt_h,1,median_midpoint_over_range_norm,0.8505379773418249
AMETt_h,2,minimum,8.033164343325088e-05
AMETt_h,2,maximum,0.0730416106712133
AMETt_h,2,mean_range,0.05670354700020997
AMETt_h,2,mean_midpoint,0.03046657170869046
AMETt_h,2,mean_relative_range,0.9503930695712011
AMETt_h,2,median_range,0.06254375846488373
AMETt_h,2,median_midpoint,0.03360149689196714
AMETt_h,2,box_range,0.015254226537847748
AMETt_h,2,frac_variable,1.0
AMETt_h,2,frac_zero_fixed,0.0
AMETt_h,2,frac_bidirectional,0.0
AMETt_h,2,mean_abs_flux,0.05881834520879544
AMETt_h,2,std_range,0.016976580225864055
AMETt_h,2,median_midpoint_over_range_norm,0.5328090518852314
AMETt_h,3,minimum,0.005703546683760814
AMETt_h,3,maximum,0.006426531474660071
AMETt_h,3,mean_range,0.0
AMETt_h,3,mean_midpoint,0.006065039079210442
AMETt_h,3,mean_relative_range,0.0
AMETt_h,3,median_range,0.0
AMETt_h,3,median_midpoint,0.006065039079210442
AMETt_h,3,box_range,0.0
AMETt_h,3,frac_variable,0.0
AMETt_h,3,frac_zero_fixed,0.0
AMETt_h,3,frac_bidirectional,0.0
AMETt_h,3,mean_abs_flux,0.006065039079210442
AMETt_h,3,std_range,0.0
AMETt_h,3,median_midpoint_over_range_norm,3032519.539605221
AMETt_h,4,minimum,8.033164343325088e-05
AMETt_h,4,maximum,0.005623215040327562
AMETt_h,4,mean_range,0.0
AMETt_h,4,mean_midpoint,0.0028266697033075155
AMETt_h,4,mean_relative_range,0.0
AMETt_h,4,median_range,0.0
AMETt_h,4,median_midpoint,0.002811607520163781
AMETt_h,4,box_range,0.0
AMETt_h,4,frac_variable,0.0
AMETt_h,4,frac_zero_fixed,0.0
AMETt_h,4,frac_bidirectional,0.0
AMETt_h,4,mean_abs_flux,0.0028266697033075155
AMETt_h,4,std_range,0.0
AMETt_h,4,median_midpoint_over_range_norm,1405803.7600818903
AMETt_h,5,minimum,0.0
AMETt_h,5,maximum,0.07333333333599512
AMETt_h,5,mean_range,0.06767291666678457
AMETt_h,5,mean_midpoint,0.033836458333392286
AMETt_h,5,mean_relative_range,0.9999999813519695
AMETt_h,5,median_range,0.07333333333333414
AMETt_h,5,median_midpoint,0.03666666666666707
AMETt_h,5,box_range,1.1517176101705218e-13
AMETt_h,5,frac_variable,1.0
AMETt_h,5,frac_zero_fixed,0.0
AMETt_h,5,frac_bidirectional,0.0
AMETt_h,5,mean_abs_flux,0.06767291666678457
AMETt_h,5,std_range,0.015295411524945915
AMETt_h,5,median_midpoint_over_range_norm,0.49999998636363674
AMETt_h,6,minimum,0.0
AMETt_h,6,maximum,0.0
AMETt_h,6,mean_range,0.0
AMETt_h,6,mean_midpoint,0.0
AMETt_h,6,mean_relative_range,0.0
AMETt_h,6,median_range,0.0
AMETt_h,6,median_midpoint,0.0
AMETt_h,6,box_range,0.0
AMETt_h,6,frac_variable,0.0
AMETt_h,6,frac_zero_fixed,1.0
AMETt_h,6,frac_bidirectional,0.0
AMETt_h,6,mean_abs_flux,0.0
AMETt_h,6,std_range,0.0
AMETt_h,6,median_midpoint_over_range_norm,0.0
DXPS_h,1,minimum,0.05010018896525649
DXPS_h,1,maximum,0.09701766658653538
DXPS_h,1,mean_range,0.020109277280488617
DXPS_h,1,mean_midpoint,0.06203652484363251
DXPS_h,1,mean_relative_range,0.2604474905268616
DXPS_h,1,median_range,0.016500000000039344
DXPS_h,1,median_midpoint,0.06117273482247372
DXPS_h,1,box_range,0.016500000000059314
DXPS_h,1,frac_variable,1.0
DXPS_h,1,frac_zero_fixed,0.0
DXPS_h,1,frac_bidirectional,0.0
DXPS_h,1,mean_abs_flux,0.07209116348387681
DXPS_h,1,std_range,0.012027757926198911
DXPS_h,1,median_midpoint_over_range_norm,3.579140501264343
DXPS_h,2,minimum,0.0007056364642993862
DXPS_h,2,maximum,0.09668408442797008
DXPS_h,2,mean_range,0.056703547000216924
DXPS_h,2,mean_midpoint,0.04692824806025974
DXPS_h,2,mean_relative_range,0.7453112932536213
DXPS_h,2,median_range,0.06254375846492588
DXPS_h,2,median_midpoint,0.04653924358317476
DXPS_h,2,box_range,0.015254226537902794
DXPS_h,2,frac_variable,1.0
DXPS_h,2,frac_zero_fixed,0.0
DXPS_h,2,frac_bidirectional,0.0
DXPS_h,2,mean_abs_flux,0.0752800215603682
DXPS_h,2,std_range,0.016976580225876926
DXPS_h,2,median_midpoint_over_range_norm,0.788196185244554
DXPS_h,3,minimum,0.0501001889652565
DXPS_h,3,maximum,0.05645091714395099
DXPS_h,3,mean_range,5.384581669432009e-16
DXPS_h,3,mean_midpoint,0.05327555305460402
DXPS_h,3,mean_relative_range,1.0173824660177953e-14
DXPS_h,3,median_range,0.0
DXPS_h,3,median_midpoint,0.0532755530546051
DXPS_h,3,box_range,0.0
DXPS_h,3,frac_variable,0.0
DXPS_h,3,frac_zero_fixed,0.0
DXPS_h,3,frac_bidirectional,0.0
DXPS_h,3,mean_abs_flux,0.05327555305460428
DXPS_h,3,std_range,1.6246503976895002e-15
DXPS_h,3,median_midpoint_over_range_norm,26637740.722938344
DXPS_h,4,minimum,0.0007056364642993873
DXPS_h,4,maximum,0.04939455250095711
DXPS_h,4,mean_range,1.962727231342571e-14
DXPS_h,4,mean_midpoint,0.02482958308754451
DXPS_h,4,mean_relative_range,9.060612917478996e-13
DXPS_h,4,median_range,0.0
DXPS_h,4,median_midpoint,0.02469727625047851
DXPS_h,4,box_range,0.0
DXPS_h,4,frac_variable,0.0
DXPS_h,4,frac_zero_fixed,0.0
DXPS_h,4,frac_bidirectional,0.0
DXPS_h,4,mean_abs_flux,0.024829583087555136
DXPS_h,4,std_range,1.5865989698876823e-13
DXPS_h,4,median_midpoint_over_range_norm,12348638.703619037
DXPS_h,5,minimum,0.0
DXPS_h,5,maximum,0.07333333333344318
DXPS_h,5,mean_range,0.06767291666666828
DXPS_h,5,mean_midpoint,0.03383645833333414
DXPS_h,5,mean_relative_range,0.9999999813519695
DXPS_h,5,median_range,0.07333333333333772
DXPS_h,5,median_midpoint,0.03666666666666886
DXPS_h,5,box_range,4.5380366131553274e-14
DXPS_h,5,frac_variable,1.0
DXPS_h,5,frac_zero_fixed,0.0
DXPS_h,5,frac_bidirectional,0.0
DXPS_h,5,mean_abs_flux,0.06767291666666828
DXPS_h,5,std_range,0.015295411524872488
DXPS_h,5,median_midpoint_over_range_norm,0.49999998636363674
DXPS_h,6,minimum,0.0
DXPS_h,6,maximum,0.0
DXPS_h,6,mean_range,0.0
DXPS_h,6,mean_midpoint,0.0
DXPS_h,6,mean_relative_range,0.0
DXPS_h,6,median_range,0.0
DXPS_h,6,median_midpoint,0.0
DXPS_h,6,box_range,0.0
DXPS_h,6,frac_variable,0.0
DXPS_h,6,frac_zero_fixed,1.0
DXPS_h,6,frac_bidirectional,0.0
DXPS_h,6,mean_abs_flux,0.0
DXPS_h,6,std_range,0.0
DXPS_h,6,median_midpoint_over_range_norm,0.0
AIAL_c,1,minimum,0.021023207331154085
AIAL_c,1,maximum,0.04302320733123157
AIAL_c,1,mean_range,0.00896296296296433
AIAL_c,1,mean_midpoint,0.026294292843945598
AIAL_c,1,mean_relative_range,0.2711005621697152
AIAL_c,1,median_range,0.007333333333341081
AIAL_c,1,median_midpoint,0.02591209622012993
AIAL_c,1,box_range,0.007333333333347521
AIAL_c,1,frac_variable,1.0
AIAL_c,1,frac_zero_fixed,0.0
AIAL_c,1,frac_bidirectional,0.0
AIAL_c,1,mean_abs_flux,0.03077577432542777
AIAL_c,1,std_range,0.005404870028727863
AIAL_c,1,median_midpoint_over_range_norm,3.4071775493827188
AIAL_c,2,minimum,0.0002961015116511581
AIAL_c,2,maximum,0.19340721262286328
AIAL_c,2,mean_range,0.06682397003745952
AIAL_c,2,mean_midpoint,0.04120710683817502
AIAL_c,2,mean_relative_range,0.8215326043071556
AIAL_c,2,median_range,0.0586666666666809
AIAL_c,2,median_midpoint,0.03854386848022859
AIAL_c,2,box_range,0.07088888888881759
AIAL_c,2,frac_variable,1.0
AIAL_c,2,frac_zero_fixed,0.0
AIAL_c,2,frac_bidirectional,0.0
AIAL_c,2,mean_abs_flux,0.0746190918569048
AIAL_c,2,std_range,0.0456019093939787
AIAL_c,2,median_midpoint_over_range_norm,0.6179447276023334
AIAL_c,3,minimum,0.021023207331263265
AIAL_c,3,maximum,0.023688120936563212
AIAL_c,3,mean_range,-3.6658176494341884e-15
AIAL_c,3,mean_midpoint,0.02235566413393133
AIAL_c,3,mean_relative_range,-1.5785749979729154e-13
AIAL_c,3,median_range,1.0281706042114536e-14
AIAL_c,3,median_midpoint,0.022355664133929195
AIAL_c,3,box_range,6.840448346645545e-14
AIAL_c,3,frac_variable,0.0
AIAL_c,3,frac_zero_fixed,0.0
AIAL_c,3,frac_bidirectional,0.0
AIAL_c,3,mean_abs_flux,0.02235566413394928
AIAL_c,3,std_range,4.1343185662776426e-14
AIAL_c,3,median_midpoint_over_range_norm,11178096.13705163
AIAL_c,4,minimum,0.0002961015117083513
AIAL_c,4,maximum,0.020727105819503322
AIAL_c,4,mean_range,3.8487960002046586e-15
AIAL_c,4,mean_midpoint,0.010419071943211948
AIAL_c,4,mean_relative_range,-2.9227291156953207e-12
AIAL_c,4,median_range,3.552713678800501e-15
AIAL_c,4,median_midpoint,0.010363552909770845
AIAL_c,4,box_range,3.559305628009213e-14
AIAL_c,4,frac_variable,0.0
AIAL_c,4,frac_zero_fixed,0.0
AIAL_c,4,frac_bidirectional,0.0
AIAL_c,4,mean_abs_flux,0.010419071943229826
AIAL_c,4,std_range,5.1958451029221814e-14
AIAL_c,4,median_midpoint_over_range_norm,5181382.526155554
AIAL_c,5,minimum,0.0
AIAL_c,5,maximum,0.19555555555555557
AIAL_c,5,mean_range,0.09900000000000017
AIAL_c,5,mean_midpoint,0.049500000000000086
AIAL_c,5,mean_relative_range,0.9999999746083479
AIAL_c,5,median_range,0.09899999999999551
AIAL_c,5,median_midpoint,0.049499999999997754
AIAL_c,5,box_range,0.09655555555555828
AIAL_c,5,frac_variable,1.0
AIAL_c,5,frac_zero_fixed,0.0
AIAL_c,5,frac_bidirectional,0.0
AIAL_c,5,mean_abs_flux,0.09900000000000017
AIAL_c,5,std_range,0.05644761583391343
AIAL_c,5,median_midpoint_over_range_norm,0.4999999898974503
AIAL_c,6,minimum,0.0
AIAL_c,6,maximum,0.0
AIAL_c,6,mean_range,0.0
AIAL_c,6,mean_midpoint,0.0
AIAL_c,6,mean_relative_range,0.0
AIAL_c,6,median_range,0.0
AIAL_c,6,median_midpoint,0.0
AIAL_c,6,box_range,0.0
AIAL_c,6,frac_variable,0.0
AIAL_c,6,frac_zero_fixed,1.0
AIAL_c,6,frac_bidirectional,0.0
AIAL_c,6,mean_abs_flux,0.0
AIAL_c,6,std_range,0.0
AIAL_c,6,median_midpoint_over_range_norm,0.0
NITR_c,1,minimum,1.5619999999995047
NITR_c,1,maximum,1.76
NITR_c,1,mean_range,0.08066666666677129
NITR_c,1,mean_midpoint,1.6609999999999476
NITR_c,1,mean_relative_range,0.0470370099503994
NITR_c,1,median_range,0.06600000000055095
NITR_c,1,median_midpoint,1.6609999999997522
NITR_c,1,box_range,0.0660000000002039
NITR_c,1,frac_variable,1.0
NITR_c,1,frac_zero_fixed,0.0
NITR_c,1,frac_bidirectional,0.0
NITR_c,1,mean_abs_flux,1.7013333333333331
NITR_c,1,std_range,0.04864383025847659
NITR_c,1,median_midpoint_over_range_norm,24.499999257533954
NITR_c,2,minimum,0.021999999999062776
NITR_c,2,maximum,1.76
NITR_c,2,mean_range,0.6014157303370695
NITR_c,2,mean_midpoint,0.8798764044943861
NITR_c,2,mean_relative_range,0.5065436060503508
NITR_c,2,median_range,0.5280000000000855
NITR_c,2,median_midpoint,0.8800000000003584
NITR_c,2,box_range,0.6379999999994104
NITR_c,2,frac_variable,1.0
NITR_c,2,frac_zero_fixed,0.0
NITR_c,2,frac_bidirectional,0.0
NITR_c,2,mean_abs_flux,1.1805842696629207
NITR_c,2,std_range,0.41041718454584863
NITR_c,2,median_midpoint_over_range_norm,1.4736842070009792
NITR_c,3,minimum,1.5620000000002432
NITR_c,3,maximum,1.76
NITR_c,3,mean_range,3.0044855492405984e-13
NITR_c,3,mean_midpoint,1.6609999999998497
NITR_c,3,mean_relative_range,1.7799031784885187e-13
NITR_c,3,median_range,2.744471316873387e-13
NITR_c,3,median_midpoint,1.660999999999934
NITR_c,3,box_range,2.8954616482224083e-13
NITR_c,3,frac_variable,0.0
NITR_c,3,frac_zero_fixed,0.0
NITR_c,3,frac_bidirectional,0.0
NITR_c,3,mean_abs_flux,1.6610000000000245
NITR_c,3,std_range,2.7345904108341006e-13
NITR_c,3,median_midpoint_over_range_norm,830445586.1096029
NITR_c,4,minimum,0.0219999999996503
NITR_c,4,maximum,1.54
NITR_c,4,mean_range,1.8045627759182965e-14
NITR_c,4,mean_midpoint,0.774124999999991
NITR_c,4,mean_relative_range,2.7252152157097473e-13
NITR_c,4,median_range,-1.709743457922741e-14
NITR_c,4,median_midpoint,0.7700000000001108
NITR_c,4,box_range,3.066991105526995e-13
NITR_c,4,frac_variable,0.0
NITR_c,4,frac_zero_fixed,0.0
NITR_c,4,frac_bidirectional,0.0
NITR_c,4,mean_abs_flux,0.7741250000000927
NITR_c,4,std_range,2.9814460984227265e-13
NITR_c,4,median_midpoint_over_range_norm,385042662.8263827
NITR_c,5,minimum,0.0
NITR_c,5,maximum,1.76
NITR_c,5,mean_range,0.8909999999999993
NITR_c,5,mean_midpoint,0.4454999999999997
NITR_c,5,mean_relative_range,0.999999997178705
NITR_c,5,median_range,0.8909999999999998
NITR_c,5,median_midpoint,0.4454999999999999
NITR_c,5,box_range,0.8690000000000009
NITR_c,5,frac_variable,1.0
NITR_c,5,frac_zero_fixed,0.0
NITR_c,5,frac_bidirectional,0.0
NITR_c,5,mean_abs_flux,0.8909999999999993
NITR_c,5,std_range,0.5080285425052419
NITR_c,5,median_midpoint_over_range_norm,0.49999999887749447
NITR_c,6,minimum,0.0
NITR_c,6,maximum,0.0
NITR_c,6,mean_range,0.0
NITR_c,6,mean_midpoint,0.0
NITR_c,6,mean_relative_range,0.0
NITR_c,6,median_range,0.0
NITR_c,6,median_midpoint,0.0
NITR_c,6,box_range,0.0
NITR_c,6,frac_variable,0.0
NITR_c,6,frac_zero_fixed,1.0
NITR_c,6,frac_bidirectional,0.0
NITR_c,6,mean_abs_flux,0.0
NITR_c,6,std_range,0.0
NITR_c,6,median_midpoint_over_range_norm,0.0
ANTHt_h,1,minimum,-0.2077755617800605
ANTHt_h,1,maximum,-0.009775561779918602
ANTHt_h,1,mean_range,0.08066666666672559
ANTHt_h,1,mean_midpoint,-0.05047605236323138
ANTHt_h,1,mean_relative_range,0.8449897170910153
ANTHt_h,1,median_range,0.06600000000023276
ANTHt_h,1,median_midpoint,-0.043463981623674486
ANTHt_h,1,box_range,0.06600000000012184
ANTHt_h,1,frac_variable,1.0
ANTHt_h,1,frac_zero_fixed,0.0
ANTHt_h,1,frac_bidirectional,0.0
ANTHt_h,1,mean_abs_flux,0.09080938569659415
ANTHt_h,1,std_range,0.04864383025853426
ANTHt_h,1,median_midpoint_over_range_norm,0.6502006734579018
ANTHt_h,2,minimum,-1.7381376839693985
ANTHt_h,2,maximum,-0.0001376839687312479
ANTHt_h,2,mean_range,0.6014157303370762
ANTHt_h,2,mean_midpoint,-0.30433251167120484
ANTHt_h,2,mean_relative_range,0.9821447009941872
ANTHt_h,2,median_range,0.5280000000001228
ANTHt_h,2,median_midpoint,-0.26936967478033275
ANTHt_h,2,box_range,0.6379999999996381
ANTHt_h,2,frac_variable,1.0
ANTHt_h,2,frac_zero_fixed,0.0
ANTHt_h,2,frac_bidirectional,0.0
ANTHt_h,2,mean_abs_flux,0.6050403768397429
ANTHt_h,2,std_range,0.41041718454585674
ANTHt_h,2,median_midpoint_over_range_norm,0.5060936672618039
ANTHt_h,3,minimum,-0.01101471749843578
ANTHt_h,3,maximum,-0.009775561779918602
ANTHt_h,3,mean_range,3.088015954055834e-14
ANTHt_h,3,mean_midpoint,-0.010395139639224657
ANTHt_h,3,mean_relative_range,2.9279451881838485e-12
ANTHt_h,3,median_range,3.129527886835959e-14
ANTHt_h,3,median_midpoint,-0.010395139639272587
ANTHt_h,3,box_range,2.430785607521191e-13
ANTHt_h,3,frac_variable,0.0
ANTHt_h,3,frac_zero_fixed,0.0
ANTHt_h,3,frac_bidirectional,0.0
ANTHt_h,3,mean_abs_flux,0.010395139639303972
ANTHt_h,3,std_range,1.9601651849699529e-13
ANTHt_h,3,median_midpoint_over_range_norm,5197242.193316377
ANTHt_h,4,minimum,-0.009637877812146499
ANTHt_h,4,maximum,-0.0001376839687312479
ANTHt_h,4,mean_range,-3.2619365984017954e-14
ANTHt_h,4,mean_midpoint,-0.004844754649714477
ANTHt_h,4,mean_relative_range,-3.292422019385904e-11
ANTHt_h,4,median_range,-4.2185005488803995e-14
ANTHt_h,4,median_midpoint,-0.004818938905653977
ANTHt_h,4,box_range,4.843881372396108e-13
ANTHt_h,4,frac_variable,0.0
ANTHt_h,4,frac_zero_fixed,0.0
ANTHt_h,4,frac_bidirectional,0.0
ANTHt_h,4,mean_abs_flux,0.004844754649859408
ANTHt_h,4,std_range,3.608045874668428e-13
ANTHt_h,4,median_midpoint_over_range_norm,2409324.1719727167
ANTHt_h,5,minimum,-1.759999999999991
ANTHt_h,5,maximum,0.0
ANTHt_h,5,mean_range,0.8909999999999967
ANTHt_h,5,mean_midpoint,-0.44549999999999834
ANTHt_h,5,mean_relative_range,0.999999997178705
ANTHt_h,5,median_range,0.8910000000000969
ANTHt_h,5,median_midpoint,-0.44550000000004847
ANTHt_h,5,box_range,0.8690000000000009
ANTHt_h,5,frac_variable,1.0
ANTHt_h,5,frac_zero_fixed,0.0
ANTHt_h,5,frac_bidirectional,0.0
ANTHt_h,5,mean_abs_flux,0.8909999999999967
ANTHt_h,5,std_range,0.5080285425052402
ANTHt_h,5,median_midpoint_over_range_norm,0.49999999887749447
ANTHt_h,6,minimum,0.0
ANTHt_h,6,maximum,0.0
ANTHt_h,6,mean_range,0.0
ANTHt_h,6,mean_midpoint,0.0
ANTHt_h,6,mean_relative_range,0.0
ANTHt_h,6,median_range,0.0
ANTHt_h,6,median_midpoint,0.0
ANTHt_h,6,box_range,0.0
ANTHt_h,6,frac_variable,0.0
ANTHt_h,6,frac_zero_fixed,1.0
ANTHt_h,6,frac_bidirectional,0.0
ANTHt_h,6,mean_abs_flux,0.0
ANTHt_h,6,std_range,0.0
ANTHt_h,6,median_midpoint_over_range_norm,0.0
FPGFT_c,1,minimum,0.02102320733085941
FPGFT_c,1,maximum,0.0690884726763501
FPGFT_c,1,mean_range,0.020134783674278633
FPGFT_c,1,mean_midpoint,0.031880203199665405
FPGFT_c,1,mean_relative_range,0.43722758181676064
FPGFT_c,1,median_range,0.01650000000002391
FPGFT_c,1,median_midpoint,0.030753714889815598
FPGFT_c,1,box_range,0.01650000000011012
FPGFT_c,1,frac_variable,1.0
FPGFT_c,1,frac_zero_fixed,0.0
FPGFT_c,1,frac_bidirectional,0.0
FPGFT_c,1,mean_abs_flux,0.04194759503680473
FPGFT_c,1,std_range,0.01208565873729755
FPGFT_c,1,median_midpoint_over_range_norm,1.7920791066000203
FPGFT_c,2,minimum,0.00029610151136694174
FPGFT_c,2,maximum,0.23394125652694986
FPGFT_c,2,mean_range,0.09832594059312995
FPGFT_c,2,mean_midpoint,0.056958092116016004
FPGFT_c,2,mean_relative_range,0.8830995936985588
FPGFT_c,2,median_range,0.094069207251165
FPGFT_c,2,median_midpoint,0.055617703829827565
FPGFT_c,2,box_range,0.07521015242783627
FPGFT_c,2,frac_variable,1.0
FPGFT_c,2,frac_zero_fixed,0.0
FPGFT_c,2,frac_bidirectional,0.0
FPGFT_c,2,mean_abs_flux,0.10612106241258096
FPGFT_c,2,std_range,0.05256926851847583
FPGFT_c,2,median_midpoint_over_range_norm,0.5741600905012775
FPGFT_c,3,minimum,0.021023207331187267
FPGFT_c,3,maximum,0.02368812093664362
FPGFT_c,3,mean_range,3.399294734585112e-14
FPGFT_c,3,mean_midpoint,0.022355664133905065
FPGFT_c,3,mean_relative_range,1.4552570102240676e-12
FPGFT_c,3,median_range,1.2984405217686401e-14
FPGFT_c,3,median_midpoint,0.022355664133902022
FPGFT_c,3,box_range,6.520305129154025e-14
FPGFT_c,3,frac_variable,0.0
FPGFT_c,3,frac_zero_fixed,0.0
FPGFT_c,3,frac_bidirectional,0.0
FPGFT_c,3,mean_abs_flux,0.022355664133936255
FPGFT_c,3,std_range,9.936450196786793e-14
FPGFT_c,3,median_midpoint_over_range_norm,11177834.251014609
FPGFT_c,4,minimum,0.00029610151168090414
FPGFT_c,4,maximum,0.020727105819650815
FPGFT_c,4,mean_range,-2.492418529094033e-14
FPGFT_c,4,mean_midpoint,0.010419071943217485
FPGFT_c,4,mean_relative_range,-8.590231364700603e-12
FPGFT_c,4,median_range,-1.6476403574827714e-14
FPGFT_c,4,median_midpoint,0.010363552909806485
FPGFT_c,4,box_range,1.1049234444060474e-13
FPGFT_c,4,frac_variable,0.0
FPGFT_c,4,frac_zero_fixed,0.0
FPGFT_c,4,frac_bidirectional,0.0
FPGFT_c,4,mean_abs_flux,0.010419071943272738
FPGFT_c,4,std_range,1.82543325889566e-13
FPGFT_c,4,median_midpoint_over_range_norm,5181846.753934664
FPGFT_c,5,minimum,0.0
FPGFT_c,5,maximum,0.23629629629626486
FPGFT_c,5,mean_range,0.13659606481480888
FPGFT_c,5,mean_midpoint,0.06829803240740444
FPGFT_c,5,mean_relative_range,0.9999999867912652
FPGFT_c,5,median_range,0.13974074074068324
FPGFT_c,5,median_midpoint,0.06987037037034162
FPGFT_c,5,box_range,0.09655555555546341
FPGFT_c,5,frac_variable,1.0
FPGFT_c,5,frac_zero_fixed,0.0
FPGFT_c,5,frac_bidirectional,0.0
FPGFT_c,5,mean_abs_flux,0.13659606481480888
FPGFT_c,5,std_range,0.06170536935399349
FPGFT_c,5,median_midpoint_over_range_norm,0.4999999928433434
FPGFT_c,6,minimum,0.0
FPGFT_c,6,maximum,0.0
FPGFT_c,6,mean_range,0.0
FPGFT_c,6,mean_midpoint,0.0
FPGFT_c,6,mean_relative_range,0.0
FPGFT_c,6,median_range,0.0
FPGFT_c,6,median_midpoint,0.0
FPGFT_c,6,box_range,0.0
FPGFT_c,6,frac_variable,0.0
FPGFT_c,6,frac_zero_fixed,1.0
FPGFT_c,6,frac_bidirectional,0.0
FPGFT_c,6,mean_abs_flux,0.0
FPGFT_c,6,std_range,0.0
FPGFT_c,6,median_midpoint_over_range_norm,0.0
PRDPAR_c,1,minimum,0.02102320733113
PRDPAR_c,1,maximum,0.0690884726763343
PRDPAR_c,1,mean_range,0.020134783674357292
PRDPAR_c,1,mean_midpoint,0.03188020319962115
PRDPAR_c,1,mean_relative_range,0.437227581818748
PRDPAR_c,1,median_range,0.016500000000083365
PRDPAR_c,1,median_midpoint,0.030753714889716455
PRDPAR_c,1,box_range,0.016500000000074705
PRDPAR_c,1,frac_variable,1.0
PRDPAR_c,1,frac_zero_fixed,0.0
PRDPAR_c,1,frac_bidirectional,0.0
PRDPAR_c,1,mean_abs_flux,0.041947595036799804
PRDPAR_c,1,std_range,0.012085658737309293
PRDPAR_c,1,median_midpoint_over_range_norm,1.7920791065809591
PRDPAR_c,2,minimum,0.0002961015113385207
PRDPAR_c,2,maximum,0.23394125652694547
PRDPAR_c,2,mean_range,0.09832594059313349
PRDPAR_c,2,mean_midpoint,0.05695809211601237
PRDPAR_c,2,mean_relative_range,0.8830995936986601
PRDPAR_c,2,median_range,0.09406920725115779
PRDPAR_c,2,median_midpoint,0.05561770382984499
PRDPAR_c,2,box_range,0.07521015242797134
PRDPAR_c,2,frac_variable,1.0
PRDPAR_c,2,frac_zero_fixed,0.0
PRDPAR_c,2,frac_bidirectional,0.0
PRDPAR_c,2,mean_abs_flux,0.10612106241257911
PRDPAR_c,2,std_range,0.05256926851847323
PRDPAR_c,2,median_midpoint_over_range_norm,0.5741600905024569
PRDPAR_c,3,minimum,0.021023207331173018
PRDPAR_c,3,maximum,0.023688120936573576
PRDPAR_c,3,mean_range,2.7754534781543327e-14
PRDPAR_c,3,mean_midpoint,0.02235566413392729
PRDPAR_c,3,mean_relative_range,1.318418156747348e-12
PRDPAR_c,3,median_range,9.948639134726989e-15
PRDPAR_c,3,median_midpoint,0.02235566413391521
PRDPAR_c,3,box_range,1.233674620793046e-13
PRDPAR_c,3,frac_variable,0.0
PRDPAR_c,3,frac_zero_fixed,0.0
PRDPAR_c,3,frac_bidirectional,0.0
PRDPAR_c,3,mean_abs_flux,0.02235566413395674
PRDPAR_c,3,std_range,6.112094301923842e-14
PRDPAR_c,3,median_midpoint_over_range_norm,11177634.641319748
PRDPAR_c,4,minimum,0.00029610151165115894
PRDPAR_c,4,maximum,0.02072710581949119
PRDPAR_c,4,mean_range,-1.448888272480458e-14
PRDPAR_c,4,mean_midpoint,0.010419071943214557
PRDPAR_c,4,mean_relative_range,-6.978762878920323e-12
PRDPAR_c,4,median_range,-1.1546319456101628e-14
PRDPAR_c,4,median_midpoint,0.010363552909768092
PRDPAR_c,4,box_range,1.0067901373700394e-13
PRDPAR_c,4,frac_variable,0.0
PRDPAR_c,4,frac_zero_fixed,0.0
PRDPAR_c,4,frac_bidirectional,0.0
PRDPAR_c,4,mean_abs_flux,0.010419071943256534
PRDPAR_c,4,std_range,1.1704623098829163e-13
PRDPAR_c,4,median_midpoint_over_range_norm,5181838.587246348
PRDPAR_c,5,minimum,0.0
PRDPAR_c,5,maximum,0.2362962962962948
PRDPAR_c,5,mean_range,0.1365960648148156
PRDPAR_c,5,mean_midpoint,0.0682980324074078
PRDPAR_c,5,mean_relative_range,0.9999999867912652
PRDPAR_c,5,median_range,0.13974074074074505
PRDPAR_c,5,median_midpoint,0.06987037037037253
PRDPAR_c,5,box_range,0.09655555555560401
PRDPAR_c,5,frac_variable,1.0
PRDPAR_c,5,frac_zero_fixed,0.0
PRDPAR_c,5,frac_bidirectional,0.0
PRDPAR_c,5,mean_abs_flux,0.1365960648148156
PRDPAR_c,5,std_range,0.06170536935399774
PRDPAR_c,5,median_midpoint_over_range_norm,0.4999999928433434
PRDPAR_c,6,minimum,0.0
PRDPAR_c,6,maximum,0.0
PRDPAR_c,6,mean_range,0.0
PRDPAR_c,6,mean_midpoint,0.0
PRDPAR_c,6,mean_relative_range,0.0
PRDPAR_c,6,median_range,0.0
PRDPAR_c,6,median_midpoint,0.0
PRDPAR_c,6,box_range,0.0
PRDPAR_c,6,frac_variable,0.0
PRDPAR_c,6,frac_zero_fixed,1.0
PRDPAR_c,6,frac_bidirectional,0.0
PRDPAR_c,6,mean_abs_flux,0.0
PRDPAR_c,6,std_range,0.0
PRDPAR_c,6,median_midpoint_over_range_norm,0.0
TRPS1_c,1,minimum,0.0
TRPS1_c,1,maximum,0.20777556177988943
TRPS1_c,1,mean_range,0.09080938569608214
TRPS1_c,1,mean_midpoint,0.04540469284804107
TRPS1_c,1,mean_relative_range,0.9999999848306194
TRPS1_c,1,median_range,0.0764639816232498
TRPS1_c,1,median_midpoint,0.0382319908116249
TRPS1_c,1,box_range,0.06613768396912242
TRPS1_c,1,frac_variable,1.0
TRPS1_c,1,frac_zero_fixed,0.0
TRPS1_c,1,frac_bidirectional,0.0
TRPS1_c,1,mean_abs_flux,0.09080938569608214
TRPS1_c,1,std_range,0.04849233160542095
TRPS1_c,1,median_midpoint_over_range_norm,0.4999999869219474
TRPS1_c,2,minimum,0.0
TRPS1_c,2,maximum,1.7381376839705158
TRPS1_c,2,mean_range,0.6050403768397615
TRPS1_c,2,mean_midpoint,0.30252018841988076
TRPS1_c,2,mean_relative_range,0.9999999959544895
TRPS1_c,2,median_range,0.5333696747791965
TRPS1_c,2,median_midpoint,0.26668483738959825
TRPS1_c,2,box_range,0.6367608442824503
TRPS1_c,2,frac_variable,1.0
TRPS1_c,2,frac_zero_fixed,0.0
TRPS1_c,2,frac_bidirectional,0.0
TRPS1_c,2,mean_abs_flux,0.6050403768397615
TRPS1_c,2,std_range,0.40922700387399547
TRPS1_c,2,median_midpoint_over_range_norm,0.4999999981251278
TRPS1_c,3,minimum,0.0
TRPS1_c,3,maximum,0.011014717499369997
TRPS1_c,3,mean_range,0.010395139639069536
TRPS1_c,3,mean_midpoint,0.005197569819534768
TRPS1_c,3,mean_relative_range,0.9999999036616174
TRPS1_c,3,median_range,0.010395139638199102
TRPS1_c,3,median_midpoint,0.005197569819099551
TRPS1_c,3,box_range,0.0006195778598962094
TRPS1_c,3,frac_variable,1.0
TRPS1_c,3,frac_zero_fixed,0.0
TRPS1_c,3,frac_bidirectional,0.0
TRPS1_c,3,mean_abs_flux,0.010395139639069536
TRPS1_c,3,std_range,0.0003954670923888944
TRPS1_c,3,median_midpoint_over_range_norm,0.4999999037969953
TRPS1_c,4,minimum,0.0
TRPS1_c,4,maximum,0.00963787781222436
TRPS1_c,4,mean_range,0.004844754649734698
TRPS1_c,4,mean_midpoint,0.002422377324867349
TRPS1_c,4,mean_relative_range,0.9999994947646891
TRPS1_c,4,median_range,0.004818938905714276
TRPS1_c,4,median_midpoint,0.002409469452857138
TRPS1_c,4,box_range,0.004715675927472039
TRPS1_c,4,frac_variable,1.0
TRPS1_c,4,frac_zero_fixed,0.0
TRPS1_c,4,frac_bidirectional,0.0
TRPS1_c,4,mean_abs_flux,0.004844754649734698
TRPS1_c,4,std_range,0.0027602857001404295
TRPS1_c,4,median_midpoint_over_range_norm,0.4999997924855233
TRPS1_c,5,minimum,0.0
TRPS1_c,5,maximum,1.759999999999991
TRPS1_c,5,mean_range,0.8909999999999847
TRPS1_c,5,mean_midpoint,0.44549999999999235
TRPS1_c,5,mean_relative_range,0.999999997178705
TRPS1_c,5,median_range,0.8910000000000338
TRPS1_c,5,median_midpoint,0.4455000000000169
TRPS1_c,5,box_range,0.869000000000032
TRPS1_c,5,frac_variable,1.0
TRPS1_c,5,frac_zero_fixed,0.0
TRPS1_c,5,frac_bidirectional,0.0
TRPS1_c,5,mean_abs_flux,0.8909999999999847
TRPS1_c,5,std_range,0.5080285425052389
TRPS1_c,5,median_midpoint_over_range_norm,0.49999999887749447
TRPS1_c,6,minimum,0.0
TRPS1_c,6,maximum,0.0
TRPS1_c,6,mean_range,0.0
TRPS1_c,6,mean_midpoint,0.0
TRPS1_c,6,mean_relative_range,0.0
TRPS1_c,6,median_range,0.0
TRPS1_c,6,median_midpoint,0.0
TRPS1_c,6,box_range,0.0
TRPS1_c,6,frac_variable,0.0
TRPS1_c,6,frac_zero_fixed,1.0
TRPS1_c,6,frac_bidirectional,0.0
TRPS1_c,6,mean_abs_flux,0.0
TRPS1_c,6,std_range,0.0
TRPS1_c,6,median_midpoint_over_range_norm,0.0
DM_no3_c,1,minimum,0.0
DM_no3_c,1,maximum,0.19800000000021512
DM_no3_c,1,mean_range,0.08066666666676148
DM_no3_c,1,mean_midpoint,0.04033333333338074
DM_no3_c,1,mean_relative_range,0.9999999805154731
DM_no3_c,1,median_range,0.06600000000018347
DM_no3_c,1,median_midpoint,0.033000000000091734
DM_no3_c,1,box_range,0.06600000000018413
DM_no3_c,1,frac_variable,1.0
DM_no3_c,1,frac_zero_fixed,0.0
DM_no3_c,1,frac_bidirectional,0.0
DM_no3_c,1,mean_abs_flux,0.08066666666676148
DM_no3_c,1,std_range,0.04864383025857239
DM_no3_c,1,median_midpoint_over_range_norm,0.4999999848484853
DM_no3_c,2,minimum,0.0
DM_no3_c,2,maximum,1.7380000000001201
DM_no3_c,2,mean_range,0.6014157303370788
DM_no3_c,2,mean_midpoint,0.3007078651685394
DM_no3_c,2,mean_relative_range,0.9999999956522886
DM_no3_c,2,median_range,0.5280000000000948
DM_no3_c,2,median_midpoint,0.2640000000000474
DM_no3_c,2,box_range,0.6379999999992472
DM_no3_c,2,frac_variable,1.0
DM_no3_c,2,frac_zero_fixed,0.0
DM_no3_c,2,frac_bidirectional,0.0
DM_no3_c,2,mean_abs_flux,0.6014157303370788
DM_no3_c,2,std_range,0.41041718454584325
DM_no3_c,2,median_midpoint_over_range_norm,0.49999999810606066
DM_no3_c,3,minimum,0.0
DM_no3_c,3,maximum,0.0
DM_no3_c,3,mean_range,-1.3589129821411916e-13
DM_no3_c,3,mean_midpoint,-6.794564910705958e-14
DM_no3_c,3,mean_relative_range,-0.00013570688436718664
DM_no3_c,3,median_range,0.0
DM_no3_c,3,median_midpoint,0.0
DM_no3_c,3,box_range,0.0
DM_no3_c,3,frac_variable,0.0
DM_no3_c,3,frac_zero_fixed,1.0
DM_no3_c,3,frac_bidirectional,0.0
DM_no3_c,3,mean_abs_flux,1.3589129821411916e-13
DM_no3_c,3,std_range,4.076738946423575e-13
DM_no3_c,3,median_midpoint_over_range_norm,0.0
DM_no3_c,4,minimum,0.0
DM_no3_c,4,maximum,1.2595341436494323e-12
DM_no3_c,4,mean_range,2.9627742567010037e-15
DM_no3_c,4,mean_midpoint,1.4813871283505018e-15
DM_no3_c,4,mean_relative_range,2.9559313437267143e-06
DM_no3_c,4,median_range,0.0
DM_no3_c,4,median_midpoint,0.0
DM_no3_c,4,box_range,0.0
DM_no3_c,4,frac_variable,0.0
DM_no3_c,4,frac_zero_fixed,1.0
DM_no3_c,4,frac_bidirectional,0.0
DM_no3_c,4,mean_abs_flux,3.336994142549416e-14
DM_no3_c,4,std_range,1.972275269817138e-13
DM_no3_c,4,median_midpoint_over_range_norm,0.0
DM_no3_c,5,minimum,0.0
DM_no3_c,5,maximum,1.76
DM_no3_c,5,mean_range,0.8909999999999993
DM_no3_c,5,mean_midpoint,0.4454999999999997
DM_no3_c,5,mean_relative_range,0.999999997178705
DM_no3_c,5,median_range,0.8909999999999998
DM_no3_c,5,median_midpoint,0.4454999999999999
DM_no3_c,5,box_range,0.8690000000000009
DM_no3_c,5,frac_variable,1.0
DM_no3_c,5,frac_zero_fixed,0.0
DM_no3_c,5,frac_bidirectional,0.0
DM_no3_c,5,mean_abs_flux,0.8909999999999993
DM_no3_c,5,std_range,0.5080285425052419
DM_no3_c,5,median_midpoint_over_range_norm,0.49999999887749447
DM_no3_c,6,minimum,0.0
DM_no3_c,6,maximum,0.0
DM_no3_c,6,mean_range,0.0
DM_no3_c,6,mean_midpoint,0.0
DM_no3_c,6,mean_relative_range,0.0
DM_no3_c,6,median_range,0.0
DM_no3_c,6,median_midpoint,0.0
DM_no3_c,6,box_range,0.0
DM_no3_c,6,frac_variable,0.0
DM_no3_c,6,frac_zero_fixed,1.0
DM_no3_c,6,frac_bidirectional,0.0
DM_no3_c,6,mean_abs_flux,0.0
DM_no3_c,6,std_range,0.0
DM_no3_c,6,median_midpoint_over_range_norm,0.0
HMDHPS_c,1,minimum,0.0
HMDHPS_c,1,maximum,0.022000000000113384
HMDHPS_c,1,mean_range,0.008962962962973376
HMDHPS_c,1,mean_midpoint,0.004481481481486688
HMDHPS_c,1,mean_relative_range,0.9999998246392962
HMDHPS_c,1,median_range,0.007333333333357806
HMDHPS_c,1,median_midpoint,0.003666666666678903
HMDHPS_c,1,box_range,0.007333333333425862
HMDHPS_c,1,frac_variable,1.0
HMDHPS_c,1,frac_zero_fixed,0.0
HMDHPS_c,1,frac_bidirectional,0.0
HMDHPS_c,1,mean_abs_flux,0.008962962962973376
HMDHPS_c,1,std_range,0.0054048700287347975
HMDHPS_c,1,median_midpoint_over_range_norm,0.49999986363640075
HMDHPS_c,2,minimum,0.0
HMDHPS_c,2,maximum,0.1931111111110987
HMDHPS_c,2,mean_range,0.06682397003745501
HMDHPS_c,2,mean_midpoint,0.033411985018727504
HMDHPS_c,2,mean_relative_range,0.9999999608706037
HMDHPS_c,2,median_range,0.058666666666709395
HMDHPS_c,2,median_midpoint,0.029333333333354698
HMDHPS_c,2,box_range,0.07088888888879989
HMDHPS_c,2,frac_variable,1.0
HMDHPS_c,2,frac_zero_fixed,0.0
HMDHPS_c,2,frac_bidirectional,0.0
HMDHPS_c,2,mean_abs_flux,0.06682397003745501
HMDHPS_c,2,std_range,0.04560190939397982
HMDHPS_c,2,median_midpoint_over_range_norm,0.49999998295454606
HMDHPS_c,3,minimum,0.0
HMDHPS_c,3,maximum,0.0
HMDHPS_c,3,mean_range,0.0
HMDHPS_c,3,mean_midpoint,0.0
HMDHPS_c,3,mean_relative_range,0.0
HMDHPS_c,3,median_range,0.0
HMDHPS_c,3,median_midpoint,0.0
HMDHPS_c,3,box_range,0.0
HMDHPS_c,3,frac_variable,0.0
HMDHPS_c,3,frac_zero_fixed,1.0
HMDHPS_c,3,frac_bidirectional,0.0
HMDHPS_c,3,mean_abs_flux,0.0
HMDHPS_c,3,std_range,0.0
HMDHPS_c,3,median_midpoint_over_range_norm,0.0
HMDHPS_c,4,minimum,0.0
HMDHPS_c,4,maximum,0.0
HMDHPS_c,4,mean_range,0.0
HMDHPS_c,4,mean_midpoint,0.0
HMDHPS_c,4,mean_relative_range,0.0
HMDHPS_c,4,median_range,0.0
HMDHPS_c,4,median_midpoint,0.0
HMDHPS_c,4,box_range,0.0
HMDHPS_c,4,frac_variable,0.0
HMDHPS_c,4,frac_zero_fixed,1.0
HMDHPS_c,4,frac_bidirectional,0.0
HMDHPS_c,4,mean_abs_flux,0.0
HMDHPS_c,4,std_range,0.0
HMDHPS_c,4,median_midpoint_over_range_norm,0.0
HMDHPS_c,5,minimum,0.0
HMDHPS_c,5,maximum,0.19555555555555454
HMDHPS_c,5,mean_range,0.09900000000000637
HMDHPS_c,5,mean_midpoint,0.04950000000000319
HMDHPS_c,5,mean_relative_range,0.9999999746083479
HMDHPS_c,5,median_range,0.0990000000000654
HMDHPS_c,5,median_midpoint,0.0495000000000327
HMDHPS_c,5,box_range,0.09655555555562625
HMDHPS_c,5,frac_variable,1.0
HMDHPS_c,5,frac_zero_fixed,0.0
HMDHPS_c,5,frac_bidirectional,0.0
HMDHPS_c,5,mean_abs_flux,0.09900000000000637
HMDHPS_c,5,std_range,0.056447615833924526
HMDHPS_c,5,median_midpoint_over_range_norm,0.4999999898974503
HMDHPS_c,6,minimum,0.0
HMDHPS_c,6,maximum,0.0
HMDHPS_c,6,mean_range,0.0
HMDHPS_c,6,mean_midpoint,0.0
HMDHPS_c,6,mean_relative_range,0.0
HMDHPS_c,6,median_range,0.0
HMDHPS_c,6,median_midpoint,0.0
HMDHPS_c,6,box_range,0.0
HMDHPS_c,6,frac_variable,0.0
HMDHPS_c,6,frac_zero_fixed,1.0
HMDHPS_c,6,frac_bidirectional,0.0
HMDHPS_c,6,mean_abs_flux,0.0
HMDHPS_c,6,std_range,0.0
HMDHPS_c,6,median_midpoint_over_range_norm,0.0
HPPK_c,1,minimum,0.0
HPPK_c,1,maximum,0.022000000000029257
HPPK_c,1,mean_range,0.008962962962989752
HPPK_c,1,mean_midpoint,0.004481481481494876
HPPK_c,1,mean_relative_range,0.9999998246392962
HPPK_c,1,median_range,0.007333333333389184
HPPK_c,1,median_midpoint,0.003666666666694592
HPPK_c,1,box_range,0.007333333333405241
HPPK_c,1,frac_variable,1.0
HPPK_c,1,frac_zero_fixed,0.0
HPPK_c,1,frac_bidirectional,0.0
HPPK_c,1,mean_abs_flux,0.008962962962989752
HPPK_c,1,std_range,0.005404870028746323
HPPK_c,1,median_midpoint_over_range_norm,0.49999986363640075
HPPK_c,2,minimum,0.0
HPPK_c,2,maximum,0.19311111111108437
HPPK_c,2,mean_range,0.06682397003745316
HPPK_c,2,mean_midpoint,0.03341198501872658
HPPK_c,2,mean_relative_range,0.9999999608706037
HPPK_c,2,median_range,0.05866666666668423
HPPK_c,2,median_midpoint,0.029333333333342114
HPPK_c,2,box_range,0.07088888888876628
HPPK_c,2,frac_variable,1.0
HPPK_c,2,frac_zero_fixed,0.0
HPPK_c,2,frac_bidirectional,0.0
HPPK_c,2,mean_abs_flux,0.06682397003745316
HPPK_c,2,std_range,0.04560190939398094
HPPK_c,2,median_midpoint_over_range_norm,0.49999998295454606
HPPK_c,3,minimum,0.0
HPPK_c,3,maximum,0.0
HPPK_c,3,mean_range,0.0
HPPK_c,3,mean_midpoint,0.0
HPPK_c,3,mean_relative_range,0.0
HPPK_c,3,median_range,0.0
HPPK_c,3,median_midpoint,0.0
HPPK_c,3,box_range,0.0
HPPK_c,3,frac_variable,0.0
HPPK_c,3,frac_zero_fixed,1.0
HPPK_c,3,frac_bidirectional,0.0
HPPK_c,3,mean_abs_flux,0.0
HPPK_c,3,std_range,0.0
HPPK_c,3,median_midpoint_over_range_norm,0.0
HPPK_c,4,minimum,0.0
HPPK_c,4,maximum,0.0
HPPK_c,4,mean_range,0.0
HPPK_c,4,mean_midpoint,0.0
HPPK_c,4,mean_relative_range,0.0
HPPK_c,4,median_range,0.0
HPPK_c,4,median_midpoint,0.0
HPPK_c,4,box_range,0.0
HPPK_c,4,frac_variable,0.0
HPPK_c,4,frac_zero_fixed,1.0
HPPK_c,4,frac_bidirectional,0.0
HPPK_c,4,mean_abs_flux,0.0
HPPK_c,4,std_range,0.0
HPPK_c,4,median_midpoint_over_range_norm,0.0
HPPK_c,5,minimum,0.0
HPPK_c,5,maximum,0.19555555555555454
HPPK_c,5,mean_range,0.09900000000000053
HPPK_c,5,mean_midpoint,0.049500000000000266
HPPK_c,5,mean_relative_range,0.9999999746083479
HPPK_c,5,median_range,0.09900000000000245
HPPK_c,5,median_midpoint,0.049500000000001224
HPPK_c,5,box_range,0.09655555555554676
HPPK_c,5,frac_variable,1.0
HPPK_c,5,frac_zero_fixed,0.0
HPPK_c,5,frac_bidirectional,0.0
HPPK_c,5,mean_abs_flux,0.09900000000000053
HPPK_c,5,std_range,0.056447615833913875
HPPK_c,5,median_midpoint_over_range_norm,0.4999999898974503
HPPK_c,6,minimum,0.0
HPPK_c,6,maximum,0.0
HPPK_c,6,mean_range,0.0
HPPK_c,6,mean_midpoint,0.0
HPPK_c,6,mean_relative_range,0.0
HPPK_c,6,median_range,0.0
HPPK_c,6,median_midpoint,0.0
HPPK_c,6,box_range,0.0
HPPK_c,6,frac_variable,0.0
HPPK_c,6,frac_zero_fixed,1.0
HPPK_c,6,frac_bidirectional,0.0
HPPK_c,6,mean_abs_flux,0.0
HPPK_c,6,std_range,0.0
HPPK_c,6,median_midpoint_over_range_norm,0.0
MTHF3ES_c,1,minimum,0.0
MTHF3ES_c,1,maximum,0.022000000000025874
MTHF3ES_c,1,mean_range,0.008962962962985632
MTHF3ES_c,1,mean_midpoint,0.004481481481492816
MTHF3ES_c,1,mean_relative_range,0.9999998246392962
MTHF3ES_c,1,median_range,0.007333333333368941
MTHF3ES_c,1,median_midpoint,0.0036666666666844705
MTHF3ES_c,1,box_range,0.007333333333396235
MTHF3ES_c,1,frac_variable,1.0
MTHF3ES_c,1,frac_zero_fixed,0.0
MTHF3ES_c,1,frac_bidirectional,0.0
MTHF3ES_c,1,mean_abs_flux,0.008962962962985632
MTHF3ES_c,1,std_range,0.005404870028726796
MTHF3ES_c,1,median_midpoint_over_range_norm,0.49999986363640075
MTHF3ES_c,2,minimum,0.0
MTHF3ES_c,2,maximum,0.19311111111113927
MTHF3ES_c,2,mean_range,0.06682397003744965
MTHF3ES_c,2,mean_midpoint,0.033411985018724825
MTHF3ES_c,2,mean_relative_range,0.9999999608706037
MTHF3ES_c,2,median_range,0.05866666666667797
MTHF3ES_c,2,median_midpoint,0.029333333333338985
MTHF3ES_c,2,box_range,0.07088888888883668
MTHF3ES_c,2,frac_variable,1.0
MTHF3ES_c,2,frac_zero_fixed,0.0
MTHF3ES_c,2,frac_bidirectional,0.0
MTHF3ES_c,2,mean_abs_flux,0.06682397003744965
MTHF3ES_c,2,std_range,0.045601909393983085
MTHF3ES_c,2,median_midpoint_over_range_norm,0.49999998295454606
MTHF3ES_c,3,minimum,0.0
MTHF3ES_c,3,maximum,0.0
MTHF3ES_c,3,mean_range,0.0
MTHF3ES_c,3,mean_midpoint,0.0
MTHF3ES_c,3,mean_relative_range,0.0
MTHF3ES_c,3,median_range,0.0
MTHF3ES_c,3,median_midpoint,0.0
MTHF3ES_c,3,box_range,0.0
MTHF3ES_c,3,frac_variable,0.0
MTHF3ES_c,3,frac_zero_fixed,1.0
MTHF3ES_c,3,frac_bidirectional,0.0
MTHF3ES_c,3,mean_abs_flux,0.0
MTHF3ES_c,3,std_range,0.0
MTHF3ES_c,3,median_midpoint_over_range_norm,0.0
MTHF3ES_c,4,minimum,0.0
MTHF3ES_c,4,maximum,4.0169256809718945e-13
MTHF3ES_c,4,mean_range,-5.841140872268998e-14
MTHF3ES_c,4,mean_midpoint,-2.920570436134499e-14
MTHF3ES_c,4,mean_relative_range,-5.8270637818012886e-05
MTHF3ES_c,4,median_range,0.0
MTHF3ES_c,4,median_midpoint,0.0
MTHF3ES_c,4,box_range,0.0
MTHF3ES_c,4,frac_variable,0.0
MTHF3ES_c,4,frac_zero_fixed,1.0
MTHF3ES_c,4,frac_bidirectional,0.0
MTHF3ES_c,4,mean_abs_flux,6.999869434087813e-14
MTHF3ES_c,4,std_range,3.772709608767237e-13
MTHF3ES_c,4,median_midpoint_over_range_norm,0.0
MTHF3ES_c,5,minimum,0.0
MTHF3ES_c,5,maximum,0.19555555555554824
MTHF3ES_c,5,mean_range,0.09900000000000571
MTHF3ES_c,5,mean_midpoint,0.049500000000002854
MTHF3ES_c,5,mean_relative_range,0.9999999746083479
MTHF3ES_c,5,median_range,0.0989999999999708
MTHF3ES_c,5,median_midpoint,0.0494999999999854
MTHF3ES_c,5,box_range,0.09655555555536999
MTHF3ES_c,5,frac_variable,1.0
MTHF3ES_c,5,frac_zero_fixed,0.0
MTHF3ES_c,5,frac_bidirectional,0.0
MTHF3ES_c,5,mean_abs_flux,0.09900000000000571
MTHF3ES_c,5,std_range,0.05644761583391749
MTHF3ES_c,5,median_midpoint_over_range_norm,0.4999999898974503
MTHF3ES_c,6,minimum,0.0
MTHF3ES_c,6,maximum,0.0
MTHF3ES_c,6,mean_range,0.0
MTHF3ES_c,6,mean_midpoint,0.0
MTHF3ES_c,6,mean_relative_range,0.0
MTHF3ES_c,6,median_range,0.0
MTHF3ES_c,6,median_midpoint,0.0
MTHF3ES_c,6,box_range,0.0
MTHF3ES_c,6,frac_variable,0.0
MTHF3ES_c,6,frac_zero_fixed,1.0
MTHF3ES_c,6,frac_bidirectional,0.0
MTHF3ES_c,6,mean_abs_flux,0.0
MTHF3ES_c,6,std_range,0.0
MTHF3ES_c,6,median_midpoint_over_range_norm,0.0
PPA2_c,1,minimum,0.0
PPA2_c,1,maximum,0.02199999999999526
PPA2_c,1,mean_range,0.00896296296300005
PPA2_c,1,mean_midpoint,0.004481481481500025
PPA2_c,1,mean_relative_range,0.9999998246392964
PPA2_c,1,median_range,0.007333333333356645
PPA2_c,1,median_midpoint,0.0036666666666783226
PPA2_c,1,box_range,0.007333333333415461
PPA2_c,1,frac_variable,1.0
PPA2_c,1,frac_zero_fixed,0.0
PPA2_c,1,frac_bidirectional,0.0
PPA2_c,1,mean_abs_flux,0.00896296296300005
PPA2_c,1,std_range,0.005404870028683323
PPA2_c,1,median_midpoint_over_range_norm,0.49999986363640075
PPA2_c,2,minimum,0.0
PPA2_c,2,maximum,0.19311111111111864
PPA2_c,2,mean_range,0.06682397003740609
PPA2_c,2,mean_midpoint,0.033411985018703044
PPA2_c,2,mean_relative_range,0.9999999608706037
PPA2_c,2,median_range,0.05866666666667193
PPA2_c,2,median_midpoint,0.029333333333335966
PPA2_c,2,box_range,0.07088888888873213
PPA2_c,2,frac_variable,1.0
PPA2_c,2,frac_zero_fixed,0.0
PPA2_c,2,frac_bidirectional,0.0
PPA2_c,2,mean_abs_flux,0.06682397003740609
PPA2_c,2,std_range,0.045601909393968194
PPA2_c,2,median_midpoint_over_range_norm,0.49999998295454606
PPA2_c,3,minimum,0.0
PPA2_c,3,maximum,0.0
PPA2_c,3,mean_range,0.0
PPA2_c,3,mean_midpoint,0.0
PPA2_c,3,mean_relative_range,0.0
PPA2_c,3,median_range,0.0
PPA2_c,3,median_midpoint,0.0
PPA2_c,3,box_range,0.0
PPA2_c,3,frac_variable,0.0
PPA2_c,3,frac_zero_fixed,1.0
PPA2_c,3,frac_bidirectional,0.0
PPA2_c,3,mean_abs_flux,0.0
PPA2_c,3,std_range,0.0
PPA2_c,3,median_midpoint_over_range_norm,0.0
PPA2_c,4,minimum,0.0
PPA2_c,4,maximum,1.134841873869964e-12
PPA2_c,4,mean_range,1.4537103147380556e-14
PPA2_c,4,mean_midpoint,7.268551573690278e-15
PPA2_c,4,mean_relative_range,1.4522054744232128e-05
PPA2_c,4,median_range,0.0
PPA2_c,4,median_midpoint,0.0
PPA2_c,4,box_range,0.0
PPA2_c,4,frac_variable,0.0
PPA2_c,4,frac_zero_fixed,1.0
PPA2_c,4,frac_bidirectional,0.0
PPA2_c,4,mean_abs_flux,4.402421572553358e-14
PPA2_c,4,std_range,2.1212118081000177e-13
PPA2_c,4,median_midpoint_over_range_norm,0.0
PPA2_c,5,minimum,0.0
PPA2_c,5,maximum,0.19555555555554824
PPA2_c,5,mean_range,0.09900000000000977
PPA2_c,5,mean_midpoint,0.04950000000000489
PPA2_c,5,mean_relative_range,0.9999999746083479
PPA2_c,5,median_range,0.09900000000003903
PPA2_c,5,median_midpoint,0.049500000000019515
PPA2_c,5,box_range,0.09655555555557552
PPA2_c,5,frac_variable,1.0
PPA2_c,5,frac_zero_fixed,0.0
PPA2_c,5,frac_bidirectional,0.0
PPA2_c,5,mean_abs_flux,0.09900000000000977
PPA2_c,5,std_range,0.05644761583391771
PPA2_c,5,median_midpoint_over_range_norm,0.4999999898974503
PPA2_c,6,minimum,0.0
PPA2_c,6,maximum,0.0
PPA2_c,6,mean_range,0.0
PPA2_c,6,mean_midpoint,0.0
PPA2_c,6,mean_relative_range,0.0
PPA2_c,6,median_range,0.0
PPA2_c,6,median_midpoint,0.0
PPA2_c,6,box_range,0.0
PPA2_c,6,frac_variable,0.0
PPA2_c,6,frac_zero_fixed,1.0
PPA2_c,6,frac_bidirectional,0.0
PPA2_c,6,mean_abs_flux,0.0
PPA2_c,6,std_range,0.0
PPA2_c,6,median_midpoint_over_range_norm,0.0
DHFS_c,1,minimum,0.0
DHFS_c,1,maximum,0.02200000000002382
DHFS_c,1,mean_range,0.008962962962970774
DHFS_c,1,mean_midpoint,0.004481481481485387
DHFS_c,1,mean_relative_range,0.9999998246392962
DHFS_c,1,median_range,0.007333333333356316
DHFS_c,1,median_midpoint,0.003666666666678158
DHFS_c,1,box_range,0.00733333333338039
DHFS_c,1,frac_variable,1.0
DHFS_c,1,frac_zero_fixed,0.0
DHFS_c,1,frac_bidirectional,0.0
DHFS_c,1,mean_abs_flux,0.008962962962970774
DHFS_c,1,std_range,0.005404870028730085
DHFS_c,1,median_midpoint_over_range_norm,0.49999986363640075
DHFS_c,2,minimum,0.0
DHFS_c,2,maximum,0.1931111111111393
DHFS_c,2,mean_range,0.06682397003744776
DHFS_c,2,mean_midpoint,0.03341198501872388
DHFS_c,2,mean_relative_range,0.9999999608706037
DHFS_c,2,median_range,0.05866666666667864
DHFS_c,2,median_midpoint,0.02933333333333932
DHFS_c,2,box_range,0.07088888888887539
DHFS_c,2,frac_variable,1.0
DHFS_c,2,frac_zero_fixed,0.0
DHFS_c,2,frac_bidirectional,0.0
DHFS_c,2,mean_abs_flux,0.06682397003744776
DHFS_c,2,std_range,0.04560190939398289
DHFS_c,2,median_midpoint_over_range_norm,0.49999998295454606
DHFS_c,3,minimum,0.0
DHFS_c,3,maximum,0.0
DHFS_c,3,mean_range,0.0
DHFS_c,3,mean_midpoint,0.0
DHFS_c,3,mean_relative_range,0.0
DHFS_c,3,median_range,0.0
DHFS_c,3,median_midpoint,0.0
DHFS_c,3,box_range,0.0
DHFS_c,3,frac_variable,0.0
DHFS_c,3,frac_zero_fixed,1.0
DHFS_c,3,frac_bidirectional,0.0
DHFS_c,3,mean_abs_flux,0.0
DHFS_c,3,std_range,0.0
DHFS_c,3,median_midpoint_over_range_norm,0.0
DHFS_c,4,minimum,0.0
DHFS_c,4,maximum,0.0
DHFS_c,4,mean_range,0.0
DHFS_c,4,mean_midpoint,0.0
DHFS_c,4,mean_relative_range,0.0
DHFS_c,4,median_range,0.0
DHFS_c,4,median_midpoint,0.0
DHFS_c,4,box_range,0.0
DHFS_c,4,frac_variable,0.0
DHFS_c,4,frac_zero_fixed,1.0
DHFS_c,4,frac_bidirectional,0.0
DHFS_c,4,mean_abs_flux,0.0
DHFS_c,4,std_range,0.0
DHFS_c,4,median_midpoint_over_range_norm,0.0
DHFS_c,5,minimum,0.0
DHFS_c,5,maximum,0.19555555555555862
DHFS_c,5,mean_range,0.09899999999999326
DHFS_c,5,mean_midpoint,0.04949999999999663
DHFS_c,5,mean_relative_range,0.9999999746083479
DHFS_c,5,median_range,0.09899999999999985
DHFS_c,5,median_midpoint,0.049499999999999926
DHFS_c,5,box_range,0.09655555555555588
DHFS_c,5,frac_variable,1.0
DHFS_c,5,frac_zero_fixed,0.0
DHFS_c,5,frac_bidirectional,0.0
DHFS_c,5,mean_abs_flux,0.09899999999999326
DHFS_c,5,std_range,0.056447615833921355
DHFS_c,5,median_midpoint_over_range_norm,0.4999999898974503
DHFS_c,6,minimum,0.0
DHFS_c,6,maximum,0.0
DHFS_c,6,mean_range,0.0
DHFS_c,6,mean_midpoint,0.0
DHFS_c,6,mean_relative_range,0.0
DHFS_c,6,median_range,0.0
DHFS_c,6,median_midpoint,0.0
DHFS_c,6,box_range,0.0
DHFS_c,6,frac_variable,0.0
DHFS_c,6,frac_zero_fixed,1.0
DHFS_c,6,frac_bidirectional,0.0
DHFS_c,6,mean_abs_flux,0.0
DHFS_c,6,std_range,0.0
DHFS_c,6,median_midpoint_over_range_norm,0.0
DHFR1_c,1,minimum,0.0
DHFR1_c,1,maximum,0.023327508389654805
DHFR1_c,1,mean_range,0.010340330822635031
DHFR1_c,1,mean_midpoint,0.005170165411317516
DHFR1_c,1,mean_relative_range,0.9999998694791464
DHFR1_c,1,median_range,0.008754328229243668
DHFR1_c,1,median_midpoint,0.004377164114621834
DHFR1_c,1,box_range,0.007352030634623265
DHFR1_c,1,frac_variable,1.0
DHFR1_c,1,frac_zero_fixed,0.0
DHFR1_c,1,frac_bidirectional,0.0
DHFR1_c,1,mean_abs_flux,0.010340330822635031
DHFR1_c,1,std_range,0.005384318419072199
DHFR1_c,1,median_midpoint_over_range_norm,0.4999998857708159
DHFR1_c,2,minimum,0.0
DHFR1_c,2,maximum,0.19312980841236715
DHFR1_c,2,mean_range,0.06731619224933613
DHFR1_c,2,mean_midpoint,0.033658096124668066
DHFR1_c,2,mean_relative_range,0.9999999640810739
DHFR1_c,2,median_range,0.059395861415914894
DHFR1_c,2,median_midpoint,0.029697930707957447
DHFR1_c,2,box_range,0.07072061317752987
DHFR1_c,2,frac_variable,1.0
DHFR1_c,2,frac_zero_fixed,0.0
DHFR1_c,2,frac_bidirectional,0.0
DHFR1_c,2,mean_abs_flux,0.06731619224933613
DHFR1_c,2,std_range,0.04544045880959479
DHFR1_c,2,median_midpoint_over_range_norm,0.4999999831638107
DHFR1_c,3,minimum,0.0
DHFR1_c,3,maximum,0.0014957841009930473
DHFR1_c,3,mean_range,0.0014116462453232683
DHFR1_c,3,mean_midpoint,0.0007058231226616342
DHFR1_c,3,mean_relative_range,0.9999992905798265
DHFR1_c,3,median_range,0.0014116462452867795
DHFR1_c,3,median_midpoint,0.0007058231226433898
DHFR1_c,3,box_range,8.413785572367397e-05
DHFR1_c,3,frac_variable,1.0
DHFR1_c,3,frac_zero_fixed,0.0
DHFR1_c,3,frac_bidirectional,0.0
DHFR1_c,3,mean_abs_flux,0.0014116462453232683
DHFR1_c,3,std_range,5.370390919879588e-05
DHFR1_c,3,median_midpoint_over_range_norm,0.4999992915771597
DHFR1_c,4,minimum,0.0
DHFR1_c,4,maximum,0.0013088110883690055
DHFR1_c,4,mean_range,0.0006579112881670025
DHFR1_c,4,mean_midpoint,0.00032895564408350124
DHFR1_c,4,mean_relative_range,0.9999962795852284
DHFR1_c,4,median_range,0.0006544055441845553
DHFR1_c,4,median_midpoint,0.00032720277209227766
DHFR1_c,4,box_range,0.0006403825682368969
DHFR1_c,4,frac_variable,1.0
DHFR1_c,4,frac_zero_fixed,0.0
DHFR1_c,4,frac_bidirectional,0.0
DHFR1_c,4,mean_abs_flux,0.0006579112881670025
DHFR1_c,4,std_range,0.00037484315554252653
DHFR1_c,4,median_midpoint_over_range_norm,0.4999984719002571
DHFR1_c,5,minimum,0.0
DHFR1_c,5,maximum,0.19555555555555557
DHFR1_c,5,mean_range,0.09899999999996487
DHFR1_c,5,mean_midpoint,0.04949999999998243
DHFR1_c,5,mean_relative_range,0.9999999746083479
DHFR1_c,5,median_range,0.09899999999999852
DHFR1_c,5,median_midpoint,0.04949999999999926
DHFR1_c,5,box_range,0.09655555555555986
DHFR1_c,5,frac_variable,1.0
DHFR1_c,5,frac_zero_fixed,0.0
DHFR1_c,5,frac_bidirectional,0.0
DHFR1_c,5,mean_abs_flux,0.09899999999996487
DHFR1_c,5,std_range,0.056447615833895876
DHFR1_c,5,median_midpoint_over_range_norm,0.4999999898974503
DHFR1_c,6,minimum,0.0
DHFR1_c,6,maximum,0.0
DHFR1_c,6,mean_range,0.0
DHFR1_c,6,mean_midpoint,0.0
DHFR1_c,6,mean_relative_range,0.0
DHFR1_c,6,median_range,0.0
DHFR1_c,6,median_midpoint,0.0
DHFR1_c,6,box_range,0.0
DHFR1_c,6,frac_variable,0.0
DHFR1_c,6,frac_zero_fixed,1.0
DHFR1_c,6,frac_bidirectional,0.0
DHFR1_c,6,mean_abs_flux,0.0
DHFR1_c,6,std_range,0.0
DHFR1_c,6,median_midpoint_over_range_norm,0.0
NO2t_h,1,minimum,0.0
NO2t_h,1,maximum,1.76
NO2t_h,1,mean_range,1.7013333333333331
NO2t_h,1,mean_midpoint,0.8506666666666666
NO2t_h,1,mean_relative_range,0.9999999994117365
NO2t_h,1,median_range,1.716
NO2t_h,1,median_midpoint,0.858
NO2t_h,1,box_range,0.06600000000000006
NO2t_h,1,frac_variable,1.0
NO2t_h,1,frac_zero_fixed,0.0
NO2t_h,1,frac_bidirectional,0.0
NO2t_h,1,mean_abs_flux,1.7013333333333331
NO2t_h,1,std_range,0.048643830258545906
NO2t_h,1,median_midpoint_over_range_norm,0.4999999994172494
NO2t_h,2,minimum,0.0
NO2t_h,2,maximum,1.76
NO2t_h,2,mean_range,1.1805842696629207
NO2t_h,2,mean_midpoint,0.5902921348314604
NO2t_h,2,mean_relative_range,0.9999999989135834
NO2t_h,2,median_range,1.2539999999999996
NO2t_h,2,median_midpoint,0.6269999999999998
NO2t_h,2,box_range,0.6379999999999995
NO2t_h,2,frac_variable,1.0
NO2t_h,2,frac_zero_fixed,0.0
NO2t_h,2,frac_bidirectional,0.0
NO2t_h,2,mean_abs_flux,1.1805842696629207
NO2t_h,2,std_range,0.4104171845458403
NO2t_h,2,median_midpoint_over_range_norm,0.4999999992025518
NO2t_h,3,minimum,0.0
NO2t_h,3,maximum,1.76
NO2t_h,3,mean_range,1.661
NO2t_h,3,mean_midpoint,0.8305
NO2t_h,3,mean_relative_range,0.9999999993970794
NO2t_h,3,median_range,1.661
NO2t_h,3,median_midpoint,0.8305
NO2t_h,3,box_range,0.09899999999999998
NO2t_h,3,frac_variable,1.0
NO2t_h,3,frac_zero_fixed,0.0
NO2t_h,3,frac_bidirectional,0.0
NO2t_h,3,mean_abs_flux,1.661
NO2t_h,3,std_range,0.06319018911191834
NO2t_h,3,median_midpoint_over_range_norm,0.4999999993979266
NO2t_h,4,minimum,0.0
NO2t_h,4,maximum,1.54
NO2t_h,4,mean_range,0.774125
NO2t_h,4,mean_midpoint,0.3870625
NO2t_h,4,mean_relative_range,0.9999999968380465
NO2t_h,4,median_range,0.77
NO2t_h,4,median_midpoint,0.385
NO2t_h,4,box_range,0.7535000000000001
NO2t_h,4,frac_variable,1.0
NO2t_h,4,frac_zero_fixed,0.0
NO2t_h,4,frac_bidirectional,0.0
NO2t_h,4,mean_abs_flux,0.774125
NO2t_h,4,std_range,0.44105559974600445
NO2t_h,4,median_midpoint_over_range_norm,0.49999999870129874
NO2t_h,5,minimum,0.0
NO2t_h,5,maximum,1.76
NO2t_h,5,mean_range,0.8909999999999993
NO2t_h,5,mean_midpoint,0.4454999999999997
NO2t_h,5,mean_relative_range,0.999999997178705
NO2t_h,5,median_range,0.8909999999999998
NO2t_h,5,median_midpoint,0.4454999999999999
NO2t_h,5,box_range,0.8690000000000009
NO2t_h,5,frac_variable,1.0
NO2t_h,5,frac_zero_fixed,0.0
NO2t_h,5,frac_bidirectional,0.0
NO2t_h,5,mean_abs_flux,0.8909999999999993
NO2t_h,5,std_range,0.5080285425052419
NO2t_h,5,median_midpoint_over_range_norm,0.49999999887749447
NO2t_h,6,minimum,0.0
NO2t_h,6,maximum,0.0
NO2t_h,6,mean_range,0.0
NO2t_h,6,mean_midpoint,0.0
NO2t_h,6,mean_relative_range,0.0
NO2t_h,6,median_range,0.0
NO2t_h,6,median_midpoint,0.0
NO2t_h,6,box_range,0.0
NO2t_h,6,frac_variable,0.0
NO2t_h,6,frac_zero_fixed,1.0
NO2t_h,6,frac_bidirectional,0.0
NO2t_h,6,mean_abs_flux,0.0
NO2t_h,6,std_range,0.0
NO2t_h,6,median_midpoint_over_range_norm,0.0
DHFR2_c,1,minimum,0.0
DHFR2_c,1,maximum,0.02332750838965524
DHFR2_c,1,mean_range,0.01034033082263597
DHFR2_c,1,mean_midpoint,0.005170165411317985
DHFR2_c,1,mean_relative_range,0.9999998694791464
DHFR2_c,1,median_range,0.008754328229298985
DHFR2_c,1,median_midpoint,0.004377164114649492
DHFR2_c,1,box_range,0.007352030634639283
DHFR2_c,1,frac_variable,1.0
DHFR2_c,1,frac_zero_fixed,0.0
DHFR2_c,1,frac_bidirectional,0.0
DHFR2_c,1,mean_abs_flux,0.01034033082263597
DHFR2_c,1,std_range,0.005384318419070328
DHFR2_c,1,median_midpoint_over_range_norm,0.4999998857708159
DHFR2_c,2,minimum,0.0
DHFR2_c,2,maximum,0.1931298084124017
DHFR2_c,2,mean_range,0.06731619224933416
DHFR2_c,2,mean_midpoint,0.03365809612466708
DHFR2_c,2,mean_relative_range,0.9999999640810739
DHFR2_c,2,median_range,0.05939586141586498
DHFR2_c,2,median_midpoint,0.02969793070793249
DHFR2_c,2,box_range,0.07072061317755167
DHFR2_c,2,frac_variable,1.0
DHFR2_c,2,frac_zero_fixed,0.0
DHFR2_c,2,frac_bidirectional,0.0
DHFR2_c,2,mean_abs_flux,0.06731619224933416
DHFR2_c,2,std_range,0.04544045880959447
DHFR2_c,2,median_midpoint_over_range_norm,0.4999999831638107
DHFR2_c,3,minimum,0.0
DHFR2_c,3,maximum,0.0014957841009931583
DHFR2_c,3,mean_range,0.0014116462453014783
DHFR2_c,3,mean_midpoint,0.0007058231226507391
DHFR2_c,3,mean_relative_range,0.9999992905798265
DHFR2_c,3,median_range,0.0014116462452868905
DHFR2_c,3,median_midpoint,0.0007058231226434453
DHFR2_c,3,box_range,8.413785570708567e-05
DHFR2_c,3,frac_variable,1.0
DHFR2_c,3,frac_zero_fixed,0.0
DHFR2_c,3,frac_bidirectional,0.0
DHFR2_c,3,mean_abs_flux,0.0014116462453014783
DHFR2_c,3,std_range,5.370390924238765e-05
DHFR2_c,3,median_midpoint_over_range_norm,0.4999992915771597
DHFR2_c,4,minimum,0.0
DHFR2_c,4,maximum,0.0013088110883690055
DHFR2_c,4,mean_range,0.0006579112881759862
DHFR2_c,4,mean_midpoint,0.0003289556440879931
DHFR2_c,4,mean_relative_range,0.9999962795852311
DHFR2_c,4,median_range,0.0006544055441845553
DHFR2_c,4,median_midpoint,0.00032720277209227766
DHFR2_c,4,box_range,0.0006403825682307629
DHFR2_c,4,frac_variable,1.0
DHFR2_c,4,frac_zero_fixed,0.0
DHFR2_c,4,frac_bidirectional,0.0
DHFR2_c,4,mean_abs_flux,0.0006579112881759862
DHFR2_c,4,std_range,0.00037484315552934974
DHFR2_c,4,median_midpoint_over_range_norm,0.4999984719002571
DHFR2_c,5,minimum,0.0
DHFR2_c,5,maximum,0.19555555555555862
DHFR2_c,5,mean_range,0.09899999999999393
DHFR2_c,5,mean_midpoint,0.04949999999999696
DHFR2_c,5,mean_relative_range,0.9999999746083479
DHFR2_c,5,median_range,0.09899999999997602
DHFR2_c,5,median_midpoint,0.04949999999998801
DHFR2_c,5,box_range,0.09655555555555588
DHFR2_c,5,frac_variable,1.0
DHFR2_c,5,frac_zero_fixed,0.0
DHFR2_c,5,frac_bidirectional,0.0
DHFR2_c,5,mean_abs_flux,0.09899999999999393
DHFR2_c,5,std_range,0.05644761583391964
DHFR2_c,5,median_midpoint_over_range_norm,0.4999999898974503
DHFR2_c,6,minimum,0.0
DHFR2_c,6,maximum,0.0
DHFR2_c,6,mean_range,0.0
DHFR2_c,6,mean_midpoint,0.0
DHFR2_c,6,mean_relative_range,0.0
DHFR2_c,6,median_range,0.0
DHFR2_c,6,median_midpoint,0.0
DHFR2_c,6,box_range,0.0
DHFR2_c,6,frac_variable,0.0
DHFR2_c,6,frac_zero_fixed,1.0
DHFR2_c,6,frac_bidirectional,0.0
DHFR2_c,6,mean_abs_flux,0.0
DHFR2_c,6,std_range,0.0
DHFR2_c,6,median_midpoint_over_range_norm,0.0
G3PL_c,1,minimum,0.0
G3PL_c,1,maximum,0.207775561780418
G3PL_c,1,mean_range,0.09080938569655278
G3PL_c,1,mean_midpoint,0.04540469284827639
G3PL_c,1,mean_relative_range,0.9999999848306194
G3PL_c,1,median_range,0.07646398162398071
G3PL_c,1,median_midpoint,0.03823199081199036
G3PL_c,1,box_range,0.06613768396895736
G3PL_c,1,frac_variable,1.0
G3PL_c,1,frac_zero_fixed,0.0
G3PL_c,1,frac_bidirectional,0.0
G3PL_c,1,mean_abs_flux,0.09080938569655278
G3PL_c,1,std_range,0.04849233160561782
G3PL_c,1,median_midpoint_over_range_norm,0.4999999869219474
G3PL_c,2,minimum,0.0
G3PL_c,2,maximum,1.7381376839686027
G3PL_c,2,mean_range,0.6050403768397602
G3PL_c,2,mean_midpoint,0.3025201884198801
G3PL_c,2,mean_relative_range,0.9999999959544895
G3PL_c,2,median_range,0.5333696747809835
G3PL_c,2,median_midpoint,0.26668483739049176
G3PL_c,2,box_range,0.6367608442815605
G3PL_c,2,frac_variable,1.0
G3PL_c,2,frac_zero_fixed,0.0
G3PL_c,2,frac_bidirectional,0.0
G3PL_c,2,mean_abs_flux,0.6050403768397602
G3PL_c,2,std_range,0.4092270038739301
G3PL_c,2,median_midpoint_over_range_norm,0.4999999981251278
G3PL_c,3,minimum,0.0
G3PL_c,3,maximum,0.01101471749836816
G3PL_c,3,mean_range,0.010395139639361456
G3PL_c,3,mean_midpoint,0.005197569819680728
G3PL_c,3,mean_relative_range,0.9999999036616174
G3PL_c,3,median_range,0.01039513963893241
G3PL_c,3,median_midpoint,0.005197569819466205
G3PL_c,3,box_range,0.0006195778597009888
G3PL_c,3,frac_variable,1.0
G3PL_c,3,frac_zero_fixed,0.0
G3PL_c,3,frac_bidirectional,0.0
G3PL_c,3,mean_abs_flux,0.010395139639361456
G3PL_c,3,std_range,0.00039546709184434673
G3PL_c,3,median_midpoint_over_range_norm,0.4999999037969954
G3PL_c,4,minimum,0.0
G3PL_c,4,maximum,0.0096378778111131
G3PL_c,4,mean_range,0.004844754649713173
G3PL_c,4,mean_midpoint,0.0024223773248565864
G3PL_c,4,mean_relative_range,0.9999994947646889
G3PL_c,4,median_range,0.004818938905373216
G3PL_c,4,median_midpoint,0.002409469452686608
G3PL_c,4,box_range,0.004715675928693246
G3PL_c,4,frac_variable,1.0
G3PL_c,4,frac_zero_fixed,0.0
G3PL_c,4,frac_bidirectional,0.0
G3PL_c,4,mean_abs_flux,0.004844754649713173
G3PL_c,4,std_range,0.002760285700147686
G3PL_c,4,median_midpoint_over_range_norm,0.4999997924855233
G3PL_c,5,minimum,0.0
G3PL_c,5,maximum,1.7600000000010698
G3PL_c,5,mean_range,0.8909999999999872
G3PL_c,5,mean_midpoint,0.4454999999999936
G3PL_c,5,mean_relative_range,0.999999997178705
G3PL_c,5,median_range,0.8909999999999998
G3PL_c,5,median_midpoint,0.4454999999999999
G3PL_c,5,box_range,0.8690000000001012
G3PL_c,5,frac_variable,1.0
G3PL_c,5,frac_zero_fixed,0.0
G3PL_c,5,frac_bidirectional,0.0
G3PL_c,5,mean_abs_flux,0.8909999999999872
G3PL_c,5,std_range,0.5080285425052521
G3PL_c,5,median_midpoint_over_range_norm,0.49999999887749447
G3PL_c,6,minimum,0.0
G3PL_c,6,maximum,0.0
G3PL_c,6,mean_range,0.0
G3PL_c,6,mean_midpoint,0.0
G3PL_c,6,mean_relative_range,0.0
G3PL_c,6,median_range,0.0
G3PL_c,6,median_midpoint,0.0
G3PL_c,6,box_range,0.0
G3PL_c,6,frac_variable,0.0
G3PL_c,6,frac_zero_fixed,1.0
G3PL_c,6,frac_bidirectional,0.0
G3PL_c,6,mean_abs_flux,0.0
G3PL_c,6,std_range,0.0
G3PL_c,6,median_midpoint_over_range_norm,0.0
PAPA_EPA_EPA_c,1,minimum,0.0004971811009636395
PAPA_EPA_EPA_c,1,maximum,695.4953180862834
PAPA_EPA_EPA_c,1,mean_range,691.6181108653301
PAPA_EPA_EPA_c,1,mean_midpoint,345.81094843903423
PAPA_EPA_EPA_c,1,mean_relative_range,0.9999972550823355
PAPA_EPA_EPA_c,1,median_range,692.5872883752858
PAPA_EPA_EPA_c,1,median_midpoint,346.2951882376951
PAPA_EPA_EPA_c,1,box_range,4.3612987948179125
PAPA_EPA_EPA_c,1,frac_variable,1.0
PAPA_EPA_EPA_c,1,frac_zero_fixed,0.0
PAPA_EPA_EPA_c,1,frac_bidirectional,0.0
PAPA_EPA_EPA_c,1,mean_abs_flux,691.6200038716993
PAPA_EPA_EPA_c,1,std_range,3.214398155782823
PAPA_EPA_EPA_c,1,median_midpoint_over_range_norm,0.5000022293927107
PAPA_EPA_EPA_c,2,minimum,0.0
PAPA_EPA_EPA_c,2,maximum,792.431635174498
PAPA_EPA_EPA_c,2,mean_range,758.0991604372246
PAPA_EPA_EPA_c,2,mean_midpoint,379.0495802186123
PAPA_EPA_EPA_c,2,mean_relative_range,0.9999999999986795
PAPA_EPA_EPA_c,2,median_range,762.744229868036
PAPA_EPA_EPA_c,2,median_midpoint,381.372114934018
PAPA_EPA_EPA_c,2,box_range,37.783970390004015
PAPA_EPA_EPA_c,2,frac_variable,1.0
PAPA_EPA_EPA_c,2,frac_zero_fixed,0.0
PAPA_EPA_EPA_c,2,frac_bidirectional,0.0
PAPA_EPA_EPA_c,2,mean_abs_flux,758.0991604372246
PAPA_EPA_EPA_c,2,std_range,24.597342227868495
PAPA_EPA_EPA_c,2,median_midpoint_over_range_norm,0.49999999999868894
PAPA_EPA_EPA_c,3,minimum,0.0004971811009649545
PAPA_EPA_EPA_c,3,maximum,695.4953180862697
PAPA_EPA_EPA_c,3,mean_range,688.9528727129446
PAPA_EPA_EPA_c,3,mean_midpoint,344.47928899271346
PAPA_EPA_EPA_c,3,mean_relative_range,0.9999958461026022
PAPA_EPA_EPA_c,3,median_range,688.9528727129451
PAPA_EPA_EPA_c,3,median_midpoint,344.47928899271375
PAPA_EPA_EPA_c,3,box_range,6.541948192231644
PAPA_EPA_EPA_c,3,frac_variable,1.0
PAPA_EPA_EPA_c,3,frac_zero_fixed,0.0
PAPA_EPA_EPA_c,3,frac_bidirectional,0.0
PAPA_EPA_EPA_c,3,mean_abs_flux,688.9557253491856
PAPA_EPA_EPA_c,3,std_range,4.175625691182985
PAPA_EPA_EPA_c,3,median_midpoint_over_range_norm,0.5000041409429525
PAPA_EPA_EPA_c,4,minimum,0.0
PAPA_EPA_EPA_c,4,maximum,792.4316351744735
PAPA_EPA_EPA_c,4,mean_range,745.9106685113052
PAPA_EPA_EPA_c,4,mean_midpoint,372.9553342556526
PAPA_EPA_EPA_c,4,mean_relative_range,0.9999999999986576
PAPA_EPA_EPA_c,4,median_range,746.5510997009303
PAPA_EPA_EPA_c,4,median_midpoint,373.27554985046515
PAPA_EPA_EPA_c,4,box_range,46.74774628024545
PAPA_EPA_EPA_c,4,frac_variable,1.0
PAPA_EPA_EPA_c,4,frac_zero_fixed,0.0
PAPA_EPA_EPA_c,4,frac_bidirectional,0.0
PAPA_EPA_EPA_c,4,mean_abs_flux,745.9106685113052
PAPA_EPA_EPA_c,4,std_range,27.583095043202672
PAPA_EPA_EPA_c,4,median_midpoint_over_range_norm,0.4999999999986605
PAPA_EPA_EPA_c,5,minimum,0.0
PAPA_EPA_EPA_c,5,maximum,793.781062688404
PAPA_EPA_EPA_c,5,mean_range,793.7810626883883
PAPA_EPA_EPA_c,5,mean_midpoint,396.89053134419413
PAPA_EPA_EPA_c,5,mean_relative_range,0.9999999999987403
PAPA_EPA_EPA_c,5,median_range,793.7810626883881
PAPA_EPA_EPA_c,5,median_midpoint,396.8905313441941
PAPA_EPA_EPA_c,5,box_range,1.1368683772161603e-12
PAPA_EPA_EPA_c,5,frac_variable,1.0
PAPA_EPA_EPA_c,5,frac_zero_fixed,0.0
PAPA_EPA_EPA_c,5,frac_bidirectional,0.0
PAPA_EPA_EPA_c,5,mean_abs_flux,793.7810626883883
PAPA_EPA_EPA_c,5,std_range,2.7077402997760963e-12
PAPA_EPA_EPA_c,5,median_midpoint_over_range_norm,0.49999999999874023
PAPA_EPA_EPA_c,6,minimum,0.0
PAPA_EPA_EPA_c,6,maximum,793.7810626883894
PAPA_EPA_EPA_c,6,mean_range,793.7810626883894
PAPA_EPA_EPA_c,6,mean_midpoint,396.8905313441947
PAPA_EPA_EPA_c,6,mean_relative_range,0.9999999999987402
PAPA_EPA_EPA_c,6,median_range,793.7810626883894
PAPA_EPA_EPA_c,6,median_midpoint,396.8905313441947
PAPA_EPA_EPA_c,6,box_range,0.0
PAPA_EPA_EPA_c,6,frac_variable,1.0
PAPA_EPA_EPA_c,6,frac_zero_fixed,0.0
PAPA_EPA_EPA_c,6,frac_bidirectional,0.0
PAPA_EPA_EPA_c,6,mean_abs_flux,793.7810626883894
PAPA_EPA_EPA_c,6,std_range,0.0
PAPA_EPA_EPA_c,6,median_midpoint_over_range_norm,0.49999999999874023
